USE test;
SET foreign_key_checks = 0;
DROP TABLE IF EXISTS Event, Answer, InputState, CorrectMap, State, Account;
SET foreign_key_checks = 1;
CREATE TABLE IF NOT EXISTS Answer (
    answer_id VARCHAR(40) NOT NULL Primary Key,
    problem_id TEXT,
    answer TEXT
    );
CREATE TABLE IF NOT EXISTS CorrectMap (
    correct_map_id VARCHAR(40) NOT NULL Primary Key,
    answer_identifier TEXT,
    correctness TINYTEXT,
    npoints INT,
    msg TEXT,
    hint TEXT,
    hintmode TINYTEXT,
    queuestate TEXT
    );
CREATE TABLE IF NOT EXISTS InputState (
    input_state_id VARCHAR(40) NOT NULL Primary Key,
    problem_id TEXT,
    state TEXT
    );
CREATE TABLE IF NOT EXISTS State (
    state_id VARCHAR(40) NOT NULL Primary Key,
    seed TINYINT,
    done BOOL,
    problem_id TEXT,
    student_answer VARCHAR(40),
    correct_map VARCHAR(40),
    input_state VARCHAR(40),
    FOREIGN KEY(student_answer) REFERENCES Answer(answer_id),
    FOREIGN KEY(correct_map) REFERENCES CorrectMap(correct_map_id),
    FOREIGN KEY(input_state) REFERENCES InputState(input_state_id)
    );
CREATE TABLE IF NOT EXISTS Account (
    account_id VARCHAR(40) NOT NULL Primary Key,
    username TEXT,
    name TEXT,
    mailing_address TEXT,
    zipCode TINYTEXT,
    country TINYTEXT,
    gender TINYTEXT,
    year_of_birth TINYINT,
    level_of_education TINYTEXT,
    goals TEXT,
    honor_code BOOL,
    terms_of_service BOOL,
    course_id TEXT,
    enrollment_action TINYTEXT,
    email TEXT,
    receive_emails TINYTEXT
    );
CREATE TABLE IF NOT EXISTS Event (
    event_id VARCHAR(40),
    agent TEXT,
    event_source TINYTEXT,
    event_type TEXT,
    ip TINYTEXT,
    page TEXT,
    session TEXT,
    time DATETIME,
    username TEXT,
    downtime_for DATETIME,
    student_id TEXT,
    instructor_id TEXT,
    course_id TEXT,
    sequence_id TEXT,
    goto_from INT,
    goto_dest INT,
    problem_id TEXT,
    problem_choice TEXT,
    question_location TEXT,
    submission_id TEXT,
    attempts TINYINT,
    long_answer TEXT,
    student_file TEXT,
    can_upload_file TINYTEXT,
    feedback TEXT,
    feedback_response_selected TINYINT,
    transcript_id TEXT,
    transcript_code TINYTEXT,
    rubric_selection INT,
    rubric_category INT,
    video_id TEXT,
    video_code TEXT,
    video_current_time TINYTEXT,
    video_speed TINYTEXT,
    video_old_time TINYTEXT,
    video_new_time TINYTEXT,
    video_seek_type TINYTEXT,
    video_new_speed TINYTEXT,
    video_old_speed TINYTEXT,
    book_interaction_type TINYTEXT,
    success TINYTEXT,
    answer_id TEXT,
    hint TEXT,
    hintmode TINYTEXT,
    correctness TINYTEXT,
    msg TEXT,
    npoints TINYINT,
    queuestate TEXT,
    orig_score INT,
    new_score INT,
    orig_total INT,
    new_total INT,
    event_name TINYTEXT,
    group_user TINYTEXT,
    group_action TINYTEXT,
    position INT,
    badly_formatted TEXT,
    correctMap_fk VARCHAR(40),
    answer_fk VARCHAR(40),
    state_fk VARCHAR(40),
    account_fk VARCHAR(40),
    FOREIGN KEY(correctMap_fk) REFERENCES CorrectMap(correct_map_id),
    FOREIGN KEY(answer_fk) REFERENCES Answer(answer_id),
    FOREIGN KEY(state_fk) REFERENCES State(state_id),
    FOREIGN KEY(account_fk) REFERENCES Account(account_id)
    );
SET foreign_key_checks=0;
SET unique_checks=0;
SET autocommit=0;
INSERT INTO Answer (answer_id,problem_id,answer) VALUES 
    ('4f08b3fc_545f_4824_9ca1_af8f3b3e004e','i4x-Medicine-HRP258-problem-44c1ef4e92f648b08adbdcd61d64d558_16_1','66.3'),
    ('7eded311_b9f7_4dd0_9fbd_38fabda3174a','i4x-Medicine-HRP258-problem-44c1ef4e92f648b08adbdcd61d64d558_3_1','1.58'),
    ('340f4c83_f7c6_4fc2_88a1_ddf49be25892','i4x-Medicine-HRP258-problem-44c1ef4e92f648b08adbdcd61d64d558_12_1','Binary'),
    ('f5583566_10f0_49be_a4e3_b4b9729b9ab2','i4x-Medicine-HRP258-problem-44c1ef4e92f648b08adbdcd61d64d558_6_1','choice_2'),
    ('f10511a2_3d26_47a7_b3fa_f7fbb6c026b2','i4x-Medicine-HRP258-problem-44c1ef4e92f648b08adbdcd61d64d558_17_1','73.9'),
    ('ae267053_3bdd_4170_a373_7666b5322387','i4x-Medicine-HRP258-problem-44c1ef4e92f648b08adbdcd61d64d558_2_1','13.4'),
    ('1f2ef8dd_8112_47b2_b513_d3a2286ce1fe','i4x-Medicine-HRP258-problem-44c1ef4e92f648b08adbdcd61d64d558_9_1','53'),
    ('cc1df2ba_0224_469f_8cda_cdbd0ba1f431','i4x-Medicine-HRP258-problem-44c1ef4e92f648b08adbdcd61d64d558_14_1','choice_3'),
    ('0377758c_e39a_4159_89b7_39257dbab824','i4x-Medicine-HRP258-problem-44c1ef4e92f648b08adbdcd61d64d558_13_1','choice_0'),
    ('300858e2_9675_4106_b9bd_7d7819591ad9','i4x-Medicine-HRP258-problem-44c1ef4e92f648b08adbdcd61d64d558_5_1','3'),
    ('75c34af7_9f33_40f9_b0c0_6b4cb61c3415','i4x-Medicine-HRP258-problem-44c1ef4e92f648b08adbdcd61d64d558_10_1','1'),
    ('944e396c_238d_4c11_bcfb_b1d9d59d4ca6','i4x-Medicine-HRP258-problem-44c1ef4e92f648b08adbdcd61d64d558_19_1','choice_2'),
    ('8804f304_c238_41dc_b00c_41a9c67258c3','i4x-Medicine-HRP258-problem-44c1ef4e92f648b08adbdcd61d64d558_8_1','0.25'),
    ('1404a7c5_a631_4ff8_a737_2957f6a81bdb','i4x-Medicine-HRP258-problem-44c1ef4e92f648b08adbdcd61d64d558_15_1','81'),
    ('d52647a9_a67e_41d7_adab_33037fad9d84','i4x-Medicine-HRP258-problem-44c1ef4e92f648b08adbdcd61d64d558_4_1','14'),
    ('aa547a6b_ff8e_4a12_a0fc_01629b2eed65','i4x-Medicine-HRP258-problem-44c1ef4e92f648b08adbdcd61d64d558_11_1','Nominal'),
    ('032fc309_3e15_4aed_a097_689c9a7349e8','i4x-Medicine-HRP258-problem-44c1ef4e92f648b08adbdcd61d64d558_18_1','20'),
    ('efbc1b5b_66a6_4c08_a00b_09bb5d4ffc36','i4x-Medicine-HRP258-problem-44c1ef4e92f648b08adbdcd61d64d558_7_1','0.47'),
    ('55f9f305_d4db_4d0b_8331_048c8342d5c3','i4x-Medicine-HRP258-problem-44c1ef4e92f648b08adbdcd61d64d558_16_1','66.3'),
    ('36964e1c_af9a_48e4_b07d_879e1b424d91','i4x-Medicine-HRP258-problem-44c1ef4e92f648b08adbdcd61d64d558_3_1','1.58'),
    ('6a7c4c6d_5c3e_4388_bca3_34f433cba8c9','i4x-Medicine-HRP258-problem-44c1ef4e92f648b08adbdcd61d64d558_12_1','Binary'),
    ('f295a8b8_6d98_4cd1_b1a1_aff015090261','i4x-Medicine-HRP258-problem-44c1ef4e92f648b08adbdcd61d64d558_6_1','choice_2'),
    ('448c92ab_a54a_4f53_b30d_76b023d33b8e','i4x-Medicine-HRP258-problem-44c1ef4e92f648b08adbdcd61d64d558_17_1','73.9'),
    ('1e43cfa6_5133_4d3a_ad3f_c0c0ad70cde7','i4x-Medicine-HRP258-problem-44c1ef4e92f648b08adbdcd61d64d558_2_1','13.4'),
    ('335ad16b_22c9_4a39_bb22_d07197c97a98','i4x-Medicine-HRP258-problem-44c1ef4e92f648b08adbdcd61d64d558_9_1','53'),
    ('e505b6b2_6a40_4c2a_be3c_aae7dd1b010b','i4x-Medicine-HRP258-problem-44c1ef4e92f648b08adbdcd61d64d558_14_1','choice_3'),
    ('df6b93ff_fe61_49e3_bbb8_d904647efd70','i4x-Medicine-HRP258-problem-44c1ef4e92f648b08adbdcd61d64d558_13_1','choice_0'),
    ('1703c269_3cb8_418b_8a5a_75765209ddd5','i4x-Medicine-HRP258-problem-44c1ef4e92f648b08adbdcd61d64d558_5_1','3'),
    ('db714783_9b26_4ccf_b818_bd0cd601657c','i4x-Medicine-HRP258-problem-44c1ef4e92f648b08adbdcd61d64d558_10_1','1'),
    ('231745d9_8118_4b7d_aaa8_10a34f232a29','i4x-Medicine-HRP258-problem-44c1ef4e92f648b08adbdcd61d64d558_19_1','choice_2'),
    ('7bbd56dd_3beb_4135_ac46_45a7f4a6e126','i4x-Medicine-HRP258-problem-44c1ef4e92f648b08adbdcd61d64d558_8_1','0.25'),
    ('667afd34_f021_4067_8897_0257c3cb5a5f','i4x-Medicine-HRP258-problem-44c1ef4e92f648b08adbdcd61d64d558_15_1','81'),
    ('1ca6850f_6799_4da6_a275_af658a7948af','i4x-Medicine-HRP258-problem-44c1ef4e92f648b08adbdcd61d64d558_4_1','14'),
    ('39bf952a_d201_4d2e_8851_34b0e087561c','i4x-Medicine-HRP258-problem-44c1ef4e92f648b08adbdcd61d64d558_11_1','Nominal'),
    ('68c17da8_f63b_43eb_8e8a_ca312aa7ff17','i4x-Medicine-HRP258-problem-44c1ef4e92f648b08adbdcd61d64d558_18_1','20'),
    ('bec6afb5_d8ba_4f32_aa6c_82dcd0a52be0','i4x-Medicine-HRP258-problem-44c1ef4e92f648b08adbdcd61d64d558_7_1','0.47');
INSERT INTO InputState (input_state_id,problem_id,state) VALUES 
    ('b191066b_52e7_4eea_8587_e5f9af3ae299','i4x-Medicine-HRP258-problem-44c1ef4e92f648b08adbdcd61d64d558_16_1',null),
    ('829b0e92_d0ba_4118_a447_cf5a9c5e7b3d','i4x-Medicine-HRP258-problem-44c1ef4e92f648b08adbdcd61d64d558_3_1',null),
    ('abdb2747_da0b_4a68_8191_6935cb0e5322','i4x-Medicine-HRP258-problem-44c1ef4e92f648b08adbdcd61d64d558_12_1',null),
    ('b52dee05_89a3_4373_9780_3c61d6f0bde9','i4x-Medicine-HRP258-problem-44c1ef4e92f648b08adbdcd61d64d558_6_1',null),
    ('45a33db6_d267_4155_8a8e_e8fce3cc2a0b','i4x-Medicine-HRP258-problem-44c1ef4e92f648b08adbdcd61d64d558_17_1',null),
    ('9fa9df3d_3827_4010_8cec_966b483cd96d','i4x-Medicine-HRP258-problem-44c1ef4e92f648b08adbdcd61d64d558_2_1',null),
    ('64c815a4_85d4_462c_9c29_1e83cf8ea459','i4x-Medicine-HRP258-problem-44c1ef4e92f648b08adbdcd61d64d558_9_1',null),
    ('ac14aabc_0ecb_48f1_909f_0e870581b0eb','i4x-Medicine-HRP258-problem-44c1ef4e92f648b08adbdcd61d64d558_14_1',null),
    ('c39efcd3_fbc8_4c91_a551_4e551c5e6a02','i4x-Medicine-HRP258-problem-44c1ef4e92f648b08adbdcd61d64d558_13_1',null),
    ('f3457843_0793_4db9_8231_c32cc0d734c7','i4x-Medicine-HRP258-problem-44c1ef4e92f648b08adbdcd61d64d558_5_1',null),
    ('a253d614_774b_4a82_8dcf_d4c0853abfec','i4x-Medicine-HRP258-problem-44c1ef4e92f648b08adbdcd61d64d558_10_1',null),
    ('8ba6adc8_bcdb_446f_9741_6a74ee79117f','i4x-Medicine-HRP258-problem-44c1ef4e92f648b08adbdcd61d64d558_19_1',null),
    ('1640cb77_cbed_4e06_9859_4f8422c69af7','i4x-Medicine-HRP258-problem-44c1ef4e92f648b08adbdcd61d64d558_8_1',null),
    ('deb9c060_22c4_4e71_b206_df0123f48a11','i4x-Medicine-HRP258-problem-44c1ef4e92f648b08adbdcd61d64d558_15_1',null),
    ('b5f9cb59_d70f_4c42_9474_2780599b4421','i4x-Medicine-HRP258-problem-44c1ef4e92f648b08adbdcd61d64d558_4_1',null),
    ('72336678_2668_41fd_8ba8_e5c4d8f894c5','i4x-Medicine-HRP258-problem-44c1ef4e92f648b08adbdcd61d64d558_11_1',null),
    ('0b8306c1_56b4_47e1_b9d1_bc6e89bcb104','i4x-Medicine-HRP258-problem-44c1ef4e92f648b08adbdcd61d64d558_18_1',null),
    ('24192330_9061_42e6_90e1_06c389c36e67','i4x-Medicine-HRP258-problem-44c1ef4e92f648b08adbdcd61d64d558_7_1',null);
INSERT INTO State (state_id,seed,done,problem_id,student_answer,correct_map,input_state) VALUES 
    ('7849ce93_5dff_45ff_9a41_c64ceac1a068',1,null,null,'55f9f305_d4db_4d0b_8331_048c8342d5c3',null,'b191066b_52e7_4eea_8587_e5f9af3ae299'),
    ('9526f276_1e0d_47f2_aa2b_c48a40314b26',1,null,null,'36964e1c_af9a_48e4_b07d_879e1b424d91',null,'829b0e92_d0ba_4118_a447_cf5a9c5e7b3d'),
    ('aa7b5686_60fb_4950_a515_6a7738b507c4',1,null,null,'6a7c4c6d_5c3e_4388_bca3_34f433cba8c9',null,'abdb2747_da0b_4a68_8191_6935cb0e5322'),
    ('5dcf71fc_07f7_4290_bd28_8dff3af7144d',1,null,null,'f295a8b8_6d98_4cd1_b1a1_aff015090261',null,'b52dee05_89a3_4373_9780_3c61d6f0bde9'),
    ('7e0a7ab5_23ce_4989_965c_119ddcd75645',1,null,null,'448c92ab_a54a_4f53_b30d_76b023d33b8e',null,'45a33db6_d267_4155_8a8e_e8fce3cc2a0b'),
    ('a7a9f94d_935e_45c0_b436_8a28a6e23acb',1,null,null,'1e43cfa6_5133_4d3a_ad3f_c0c0ad70cde7',null,'9fa9df3d_3827_4010_8cec_966b483cd96d'),
    ('3875ffe9_6109_4b46_b2f9_e0606641eac9',1,null,null,'335ad16b_22c9_4a39_bb22_d07197c97a98',null,'64c815a4_85d4_462c_9c29_1e83cf8ea459'),
    ('d2f00dee_bc4c_4ead_a3bb_b60f6addf524',1,null,null,'e505b6b2_6a40_4c2a_be3c_aae7dd1b010b',null,'ac14aabc_0ecb_48f1_909f_0e870581b0eb'),
    ('b7da0520_dd69_452f_a832_569477108a9e',1,null,null,'df6b93ff_fe61_49e3_bbb8_d904647efd70',null,'c39efcd3_fbc8_4c91_a551_4e551c5e6a02'),
    ('4e4a6846_8674_4a85_84d9_0fdaec04a8a3',1,null,null,'1703c269_3cb8_418b_8a5a_75765209ddd5',null,'f3457843_0793_4db9_8231_c32cc0d734c7'),
    ('bd99996b_9a73_4b6a_8048_d0e6f5459936',1,null,null,'db714783_9b26_4ccf_b818_bd0cd601657c',null,'a253d614_774b_4a82_8dcf_d4c0853abfec'),
    ('54af221d_42f1_4d64_89ba_4433286d4932',1,null,null,'231745d9_8118_4b7d_aaa8_10a34f232a29',null,'8ba6adc8_bcdb_446f_9741_6a74ee79117f'),
    ('43d0f6cb_a805_4c5d_8895_77edcbae3d99',1,null,null,'7bbd56dd_3beb_4135_ac46_45a7f4a6e126',null,'1640cb77_cbed_4e06_9859_4f8422c69af7'),
    ('40d195f8_f7f2_4e08_8084_1916ae0f46e5',1,null,null,'667afd34_f021_4067_8897_0257c3cb5a5f',null,'deb9c060_22c4_4e71_b206_df0123f48a11'),
    ('d537a901_f323_4d09_97a8_c7b4cb915afb',1,null,null,'1ca6850f_6799_4da6_a275_af658a7948af',null,'b5f9cb59_d70f_4c42_9474_2780599b4421'),
    ('7fd25559_5ce5_4b5d_8e2d_616e7a17e590',1,null,null,'39bf952a_d201_4d2e_8851_34b0e087561c',null,'72336678_2668_41fd_8ba8_e5c4d8f894c5'),
    ('07970ad9_4d10_4c7a_80e5_74d099e518b3',1,null,null,'68c17da8_f63b_43eb_8e8a_ca312aa7ff17',null,'0b8306c1_56b4_47e1_b9d1_bc6e89bcb104'),
    ('7d305104_b603_4946_9b62_012a83eb4d31',1,null,null,'bec6afb5_d8ba_4f32_aa6c_82dcd0a52be0',null,'24192330_9061_42e6_90e1_06c389c36e67');
INSERT INTO Event (event_id,agent,event_source,event_type,ip,page,session,time,username,downtime_for,student_id,instructor_id,course_id,sequence_id,goto_from,goto_dest,problem_id,problem_choice,question_location,submission_id,attempts,long_answer,student_file,can_upload_file,feedback,feedback_response_selected,transcript_id,transcript_code,rubric_selection,rubric_category,video_id,video_code,video_current_time,video_speed,video_old_time,video_new_time,video_seek_type,video_new_speed,video_old_speed,book_interaction_type,success,answer_id,hint,hintmode,correctness,msg,npoints,queuestate,orig_score,new_score,orig_total,new_total,event_name,group_user,group_action,position,badly_formatted,correctMap_fk,answer_fk,state_fk) VALUES 
    ('30627cdf_ba25_4612_b9fe_4c9f335cfc9b','Mozilla/5.0 (Windows NT 6.1) AppleWebKit/537.36 (KHTML, like Gecko) Chrome/27.0.1453.110 Safari/537.36','server','save_problem_check','147.32.84.59','x_module',null,'2013-06-12T09:19:41.439185','Radim','0:00:00',null,null,null,null,null,null,'i4x-Medicine-HRP258-problem-44c1ef4e92f648b08adbdcd61d64d558_16_1',null,null,null,null,null,null,null,null,null,null,null,null,null,null,null,null,null,null,null,null,null,null,null,'incorrect',null,null,null,null,null,null,null,null,null,null,null,null,null,null,null,null,null,'4f08b3fc_545f_4824_9ca1_af8f3b3e004e','7849ce93_5dff_45ff_9a41_c64ceac1a068'),
    ('30627cdf_ba25_4612_b9fe_4c9f335cfc9b','Mozilla/5.0 (Windows NT 6.1) AppleWebKit/537.36 (KHTML, like Gecko) Chrome/27.0.1453.110 Safari/537.36','server','save_problem_check','147.32.84.59','x_module',null,'2013-06-12T09:19:41.439185','Radim','0:00:00',null,null,null,null,null,null,'i4x-Medicine-HRP258-problem-44c1ef4e92f648b08adbdcd61d64d558_3_1',null,null,null,null,null,null,null,null,null,null,null,null,null,null,null,null,null,null,null,null,null,null,null,'incorrect',null,null,null,null,null,null,null,null,null,null,null,null,null,null,null,null,null,'7eded311_b9f7_4dd0_9fbd_38fabda3174a','9526f276_1e0d_47f2_aa2b_c48a40314b26'),
    ('30627cdf_ba25_4612_b9fe_4c9f335cfc9b','Mozilla/5.0 (Windows NT 6.1) AppleWebKit/537.36 (KHTML, like Gecko) Chrome/27.0.1453.110 Safari/537.36','server','save_problem_check','147.32.84.59','x_module',null,'2013-06-12T09:19:41.439185','Radim','0:00:00',null,null,null,null,null,null,'i4x-Medicine-HRP258-problem-44c1ef4e92f648b08adbdcd61d64d558_12_1',null,null,null,null,null,null,null,null,null,null,null,null,null,null,null,null,null,null,null,null,null,null,null,'incorrect',null,null,null,null,null,null,null,null,null,null,null,null,null,null,null,null,null,'340f4c83_f7c6_4fc2_88a1_ddf49be25892','aa7b5686_60fb_4950_a515_6a7738b507c4'),
    ('30627cdf_ba25_4612_b9fe_4c9f335cfc9b','Mozilla/5.0 (Windows NT 6.1) AppleWebKit/537.36 (KHTML, like Gecko) Chrome/27.0.1453.110 Safari/537.36','server','save_problem_check','147.32.84.59','x_module',null,'2013-06-12T09:19:41.439185','Radim','0:00:00',null,null,null,null,null,null,'i4x-Medicine-HRP258-problem-44c1ef4e92f648b08adbdcd61d64d558_6_1',null,null,null,null,null,null,null,null,null,null,null,null,null,null,null,null,null,null,null,null,null,null,null,'incorrect',null,null,null,null,null,null,null,null,null,null,null,null,null,null,null,null,null,'f5583566_10f0_49be_a4e3_b4b9729b9ab2','5dcf71fc_07f7_4290_bd28_8dff3af7144d'),
    ('30627cdf_ba25_4612_b9fe_4c9f335cfc9b','Mozilla/5.0 (Windows NT 6.1) AppleWebKit/537.36 (KHTML, like Gecko) Chrome/27.0.1453.110 Safari/537.36','server','save_problem_check','147.32.84.59','x_module',null,'2013-06-12T09:19:41.439185','Radim','0:00:00',null,null,null,null,null,null,'i4x-Medicine-HRP258-problem-44c1ef4e92f648b08adbdcd61d64d558_17_1',null,null,null,null,null,null,null,null,null,null,null,null,null,null,null,null,null,null,null,null,null,null,null,'incorrect',null,null,null,null,null,null,null,null,null,null,null,null,null,null,null,null,null,'f10511a2_3d26_47a7_b3fa_f7fbb6c026b2','7e0a7ab5_23ce_4989_965c_119ddcd75645'),
    ('30627cdf_ba25_4612_b9fe_4c9f335cfc9b','Mozilla/5.0 (Windows NT 6.1) AppleWebKit/537.36 (KHTML, like Gecko) Chrome/27.0.1453.110 Safari/537.36','server','save_problem_check','147.32.84.59','x_module',null,'2013-06-12T09:19:41.439185','Radim','0:00:00',null,null,null,null,null,null,'i4x-Medicine-HRP258-problem-44c1ef4e92f648b08adbdcd61d64d558_2_1',null,null,null,null,null,null,null,null,null,null,null,null,null,null,null,null,null,null,null,null,null,null,null,'incorrect',null,null,null,null,null,null,null,null,null,null,null,null,null,null,null,null,null,'ae267053_3bdd_4170_a373_7666b5322387','a7a9f94d_935e_45c0_b436_8a28a6e23acb'),
    ('30627cdf_ba25_4612_b9fe_4c9f335cfc9b','Mozilla/5.0 (Windows NT 6.1) AppleWebKit/537.36 (KHTML, like Gecko) Chrome/27.0.1453.110 Safari/537.36','server','save_problem_check','147.32.84.59','x_module',null,'2013-06-12T09:19:41.439185','Radim','0:00:00',null,null,null,null,null,null,'i4x-Medicine-HRP258-problem-44c1ef4e92f648b08adbdcd61d64d558_9_1',null,null,null,null,null,null,null,null,null,null,null,null,null,null,null,null,null,null,null,null,null,null,null,'incorrect',null,null,null,null,null,null,null,null,null,null,null,null,null,null,null,null,null,'1f2ef8dd_8112_47b2_b513_d3a2286ce1fe','3875ffe9_6109_4b46_b2f9_e0606641eac9'),
    ('30627cdf_ba25_4612_b9fe_4c9f335cfc9b','Mozilla/5.0 (Windows NT 6.1) AppleWebKit/537.36 (KHTML, like Gecko) Chrome/27.0.1453.110 Safari/537.36','server','save_problem_check','147.32.84.59','x_module',null,'2013-06-12T09:19:41.439185','Radim','0:00:00',null,null,null,null,null,null,'i4x-Medicine-HRP258-problem-44c1ef4e92f648b08adbdcd61d64d558_14_1',null,null,null,null,null,null,null,null,null,null,null,null,null,null,null,null,null,null,null,null,null,null,null,'incorrect',null,null,null,null,null,null,null,null,null,null,null,null,null,null,null,null,null,'cc1df2ba_0224_469f_8cda_cdbd0ba1f431','d2f00dee_bc4c_4ead_a3bb_b60f6addf524'),
    ('30627cdf_ba25_4612_b9fe_4c9f335cfc9b','Mozilla/5.0 (Windows NT 6.1) AppleWebKit/537.36 (KHTML, like Gecko) Chrome/27.0.1453.110 Safari/537.36','server','save_problem_check','147.32.84.59','x_module',null,'2013-06-12T09:19:41.439185','Radim','0:00:00',null,null,null,null,null,null,'i4x-Medicine-HRP258-problem-44c1ef4e92f648b08adbdcd61d64d558_13_1',null,null,null,null,null,null,null,null,null,null,null,null,null,null,null,null,null,null,null,null,null,null,null,'incorrect',null,null,null,null,null,null,null,null,null,null,null,null,null,null,null,null,null,'0377758c_e39a_4159_89b7_39257dbab824','b7da0520_dd69_452f_a832_569477108a9e'),
    ('30627cdf_ba25_4612_b9fe_4c9f335cfc9b','Mozilla/5.0 (Windows NT 6.1) AppleWebKit/537.36 (KHTML, like Gecko) Chrome/27.0.1453.110 Safari/537.36','server','save_problem_check','147.32.84.59','x_module',null,'2013-06-12T09:19:41.439185','Radim','0:00:00',null,null,null,null,null,null,'i4x-Medicine-HRP258-problem-44c1ef4e92f648b08adbdcd61d64d558_5_1',null,null,null,null,null,null,null,null,null,null,null,null,null,null,null,null,null,null,null,null,null,null,null,'incorrect',null,null,null,null,null,null,null,null,null,null,null,null,null,null,null,null,null,'300858e2_9675_4106_b9bd_7d7819591ad9','4e4a6846_8674_4a85_84d9_0fdaec04a8a3'),
    ('30627cdf_ba25_4612_b9fe_4c9f335cfc9b','Mozilla/5.0 (Windows NT 6.1) AppleWebKit/537.36 (KHTML, like Gecko) Chrome/27.0.1453.110 Safari/537.36','server','save_problem_check','147.32.84.59','x_module',null,'2013-06-12T09:19:41.439185','Radim','0:00:00',null,null,null,null,null,null,'i4x-Medicine-HRP258-problem-44c1ef4e92f648b08adbdcd61d64d558_10_1',null,null,null,null,null,null,null,null,null,null,null,null,null,null,null,null,null,null,null,null,null,null,null,'incorrect',null,null,null,null,null,null,null,null,null,null,null,null,null,null,null,null,null,'75c34af7_9f33_40f9_b0c0_6b4cb61c3415','bd99996b_9a73_4b6a_8048_d0e6f5459936'),
    ('30627cdf_ba25_4612_b9fe_4c9f335cfc9b','Mozilla/5.0 (Windows NT 6.1) AppleWebKit/537.36 (KHTML, like Gecko) Chrome/27.0.1453.110 Safari/537.36','server','save_problem_check','147.32.84.59','x_module',null,'2013-06-12T09:19:41.439185','Radim','0:00:00',null,null,null,null,null,null,'i4x-Medicine-HRP258-problem-44c1ef4e92f648b08adbdcd61d64d558_19_1',null,null,null,null,null,null,null,null,null,null,null,null,null,null,null,null,null,null,null,null,null,null,null,'incorrect',null,null,null,null,null,null,null,null,null,null,null,null,null,null,null,null,null,'944e396c_238d_4c11_bcfb_b1d9d59d4ca6','54af221d_42f1_4d64_89ba_4433286d4932'),
    ('30627cdf_ba25_4612_b9fe_4c9f335cfc9b','Mozilla/5.0 (Windows NT 6.1) AppleWebKit/537.36 (KHTML, like Gecko) Chrome/27.0.1453.110 Safari/537.36','server','save_problem_check','147.32.84.59','x_module',null,'2013-06-12T09:19:41.439185','Radim','0:00:00',null,null,null,null,null,null,'i4x-Medicine-HRP258-problem-44c1ef4e92f648b08adbdcd61d64d558_8_1',null,null,null,null,null,null,null,null,null,null,null,null,null,null,null,null,null,null,null,null,null,null,null,'incorrect',null,null,null,null,null,null,null,null,null,null,null,null,null,null,null,null,null,'8804f304_c238_41dc_b00c_41a9c67258c3','43d0f6cb_a805_4c5d_8895_77edcbae3d99'),
    ('30627cdf_ba25_4612_b9fe_4c9f335cfc9b','Mozilla/5.0 (Windows NT 6.1) AppleWebKit/537.36 (KHTML, like Gecko) Chrome/27.0.1453.110 Safari/537.36','server','save_problem_check','147.32.84.59','x_module',null,'2013-06-12T09:19:41.439185','Radim','0:00:00',null,null,null,null,null,null,'i4x-Medicine-HRP258-problem-44c1ef4e92f648b08adbdcd61d64d558_15_1',null,null,null,null,null,null,null,null,null,null,null,null,null,null,null,null,null,null,null,null,null,null,null,'incorrect',null,null,null,null,null,null,null,null,null,null,null,null,null,null,null,null,null,'1404a7c5_a631_4ff8_a737_2957f6a81bdb','40d195f8_f7f2_4e08_8084_1916ae0f46e5'),
    ('30627cdf_ba25_4612_b9fe_4c9f335cfc9b','Mozilla/5.0 (Windows NT 6.1) AppleWebKit/537.36 (KHTML, like Gecko) Chrome/27.0.1453.110 Safari/537.36','server','save_problem_check','147.32.84.59','x_module',null,'2013-06-12T09:19:41.439185','Radim','0:00:00',null,null,null,null,null,null,'i4x-Medicine-HRP258-problem-44c1ef4e92f648b08adbdcd61d64d558_4_1',null,null,null,null,null,null,null,null,null,null,null,null,null,null,null,null,null,null,null,null,null,null,null,'incorrect',null,null,null,null,null,null,null,null,null,null,null,null,null,null,null,null,null,'d52647a9_a67e_41d7_adab_33037fad9d84','d537a901_f323_4d09_97a8_c7b4cb915afb'),
    ('30627cdf_ba25_4612_b9fe_4c9f335cfc9b','Mozilla/5.0 (Windows NT 6.1) AppleWebKit/537.36 (KHTML, like Gecko) Chrome/27.0.1453.110 Safari/537.36','server','save_problem_check','147.32.84.59','x_module',null,'2013-06-12T09:19:41.439185','Radim','0:00:00',null,null,null,null,null,null,'i4x-Medicine-HRP258-problem-44c1ef4e92f648b08adbdcd61d64d558_11_1',null,null,null,null,null,null,null,null,null,null,null,null,null,null,null,null,null,null,null,null,null,null,null,'incorrect',null,null,null,null,null,null,null,null,null,null,null,null,null,null,null,null,null,'aa547a6b_ff8e_4a12_a0fc_01629b2eed65','7fd25559_5ce5_4b5d_8e2d_616e7a17e590'),
    ('30627cdf_ba25_4612_b9fe_4c9f335cfc9b','Mozilla/5.0 (Windows NT 6.1) AppleWebKit/537.36 (KHTML, like Gecko) Chrome/27.0.1453.110 Safari/537.36','server','save_problem_check','147.32.84.59','x_module',null,'2013-06-12T09:19:41.439185','Radim','0:00:00',null,null,null,null,null,null,'i4x-Medicine-HRP258-problem-44c1ef4e92f648b08adbdcd61d64d558_18_1',null,null,null,null,null,null,null,null,null,null,null,null,null,null,null,null,null,null,null,null,null,null,null,'incorrect',null,null,null,null,null,null,null,null,null,null,null,null,null,null,null,null,null,'032fc309_3e15_4aed_a097_689c9a7349e8','07970ad9_4d10_4c7a_80e5_74d099e518b3'),
    ('30627cdf_ba25_4612_b9fe_4c9f335cfc9b','Mozilla/5.0 (Windows NT 6.1) AppleWebKit/537.36 (KHTML, like Gecko) Chrome/27.0.1453.110 Safari/537.36','server','save_problem_check','147.32.84.59','x_module',null,'2013-06-12T09:19:41.439185','Radim','0:00:00',null,null,null,null,null,null,'i4x-Medicine-HRP258-problem-44c1ef4e92f648b08adbdcd61d64d558_7_1',null,null,null,null,null,null,null,null,null,null,null,null,null,null,null,null,null,null,null,null,null,null,null,'incorrect',null,null,null,null,null,null,null,null,null,null,null,null,null,null,null,null,null,'efbc1b5b_66a6_4c08_a00b_09bb5d4ffc36','7d305104_b603_4946_9b62_012a83eb4d31'),
    ('30627cdf_ba25_4612_b9fe_4c9f335cfc9b','Mozilla/5.0 (Windows NT 6.1) AppleWebKit/537.36 (KHTML, like Gecko) Chrome/27.0.1453.110 Safari/537.36','server','save_problem_check','147.32.84.59','x_module',null,'2013-06-12T09:19:41.439185','Radim','0:00:00',null,null,null,null,null,null,'i4x-Medicine-HRP258-problem-44c1ef4e92f648b08adbdcd61d64d558_7_1',null,null,null,null,null,null,null,null,null,null,null,null,null,null,null,null,null,null,null,null,null,null,null,'incorrect',null,null,null,null,null,null,null,null,null,null,null,null,null,null,null,null,null,'efbc1b5b_66a6_4c08_a00b_09bb5d4ffc36','7d305104_b603_4946_9b62_012a83eb4d31');
COMMIT;
SET foreign_key_checks=1;
SET unique_checks=1;
