USE test;
SET foreign_key_checks = 0;
DROP TABLE IF EXISTS EdxTrackEvent, Answer, InputState, CorrectMap, State, Account, LoadInfo;
SET foreign_key_checks = 1;
CREATE TABLE IF NOT EXISTS Answer (
    answer_id VARCHAR(40) NOT NULL PRIMARY KEY,
    problem_id TEXT NOT NULL,
    answer TEXT NOT NULL,
    course_id TEXT NOT NULL
    );
CREATE TABLE IF NOT EXISTS CorrectMap (
    correct_map_id VARCHAR(40) NOT NULL PRIMARY KEY,
    answer_identifier TEXT NOT NULL,
    correctness TINYTEXT NOT NULL,
    npoints INT NOT NULL,
    msg TEXT NOT NULL,
    hint TEXT NOT NULL,
    hintmode TINYTEXT NOT NULL,
    queuestate TEXT NOT NULL
    );
CREATE TABLE IF NOT EXISTS InputState (
    input_state_id VARCHAR(40) NOT NULL PRIMARY KEY,
    problem_id TEXT NOT NULL,
    state TEXT NOT NULL
    );
CREATE TABLE IF NOT EXISTS State (
    state_id VARCHAR(40) NOT NULL PRIMARY KEY,
    seed TINYINT NOT NULL,
    done TINYINT NOT NULL,
    problem_id TEXT NOT NULL,
    student_answer VARCHAR(40) NOT NULL,
    correct_map VARCHAR(40) NOT NULL,
    input_state VARCHAR(40) NOT NULL,
    FOREIGN KEY(student_answer) REFERENCES Answer(answer_id),
    FOREIGN KEY(correct_map) REFERENCES CorrectMap(correct_map_id),
    FOREIGN KEY(input_state) REFERENCES InputState(input_state_id)
    );
CREATE TABLE IF NOT EXISTS Account (
    account_id VARCHAR(40) NOT NULL PRIMARY KEY,
    username TEXT NOT NULL,
    name TEXT NOT NULL,
    mailing_address TEXT NOT NULL,
    zipcode TINYTEXT NOT NULL,
    country TINYTEXT NOT NULL,
    gender TINYTEXT NOT NULL,
    year_of_birth TINYINT NOT NULL,
    level_of_education TINYTEXT NOT NULL,
    goals TEXT NOT NULL,
    honor_code BOOL NOT NULL,
    terms_of_service BOOL NOT NULL,
    course_id TEXT NOT NULL,
    enrollment_action TINYTEXT NOT NULL,
    email TEXT NOT NULL,
    receive_emails TINYTEXT NOT NULL
    );
CREATE TABLE IF NOT EXISTS LoadInfo (
    load_info_id INT NOT NULL PRIMARY KEY,
    load_date_time DATETIME NOT NULL,
    load_file TEXT NOT NULL
    );
CREATE TABLE IF NOT EXISTS EdxTrackEvent (
    _id BIGINT NOT NULL PRIMARY KEY AUTO_INCREMENT,
    event_id VARCHAR(40) NOT NULL,
    agent TEXT NOT NULL,
    event_source TINYTEXT NOT NULL,
    event_type TEXT NOT NULL,
    ip TINYTEXT NOT NULL,
    page TEXT NOT NULL,
    session TEXT NOT NULL,
    time DATETIME NOT NULL,
    username TEXT NOT NULL,
    downtime_for DATETIME NOT NULL,
    student_id TEXT NOT NULL,
    instructor_id TEXT NOT NULL,
    course_id TEXT NOT NULL,
    sequence_id TEXT NOT NULL,
    goto_from INT NOT NULL,
    goto_dest INT NOT NULL,
    problem_id TEXT NOT NULL,
    problem_choice TEXT NOT NULL,
    question_location TEXT NOT NULL,
    submission_id TEXT NOT NULL,
    attempts TINYINT NOT NULL,
    long_answer TEXT NOT NULL,
    student_file TEXT NOT NULL,
    can_upload_file TINYTEXT NOT NULL,
    feedback TEXT NOT NULL,
    feedback_response_selected TINYINT NOT NULL,
    transcript_id TEXT NOT NULL,
    transcript_code TINYTEXT NOT NULL,
    rubric_selection INT NOT NULL,
    rubric_category INT NOT NULL,
    video_id TEXT NOT NULL,
    video_code TEXT NOT NULL,
    video_current_time TINYTEXT NOT NULL,
    video_speed TINYTEXT NOT NULL,
    video_old_time TINYTEXT NOT NULL,
    video_new_time TINYTEXT NOT NULL,
    video_seek_type TINYTEXT NOT NULL,
    video_new_speed TINYTEXT NOT NULL,
    video_old_speed TINYTEXT NOT NULL,
    book_interaction_type TINYTEXT NOT NULL,
    success TINYTEXT NOT NULL,
    answer_id TEXT NOT NULL,
    hint TEXT NOT NULL,
    hintmode TINYTEXT NOT NULL,
    correctness TINYTEXT NOT NULL,
    msg TEXT NOT NULL,
    npoints TINYINT NOT NULL,
    queuestate TEXT NOT NULL,
    orig_score INT NOT NULL,
    new_score INT NOT NULL,
    orig_total INT NOT NULL,
    new_total INT NOT NULL,
    event_name TINYTEXT NOT NULL,
    group_user TINYTEXT NOT NULL,
    group_action TINYTEXT NOT NULL,
    position INT NOT NULL,
    badly_formatted TEXT NOT NULL,
    correctMap_fk VARCHAR(40) NOT NULL,
    answer_fk VARCHAR(40) NOT NULL,
    state_fk VARCHAR(40) NOT NULL,
    account_fk VARCHAR(40) NOT NULL,
    load_info_fk INT NOT NULL,
    FOREIGN KEY(correctMap_fk) REFERENCES CorrectMap(correct_map_id),
    FOREIGN KEY(answer_fk) REFERENCES Answer(answer_id),
    FOREIGN KEY(state_fk) REFERENCES State(state_id),
    FOREIGN KEY(account_fk) REFERENCES Account(account_id),
    FOREIGN KEY(load_info_fk) REFERENCES LoadInfo(load_info_id)
    );
SET foreign_key_checks=0;
SET unique_checks=0;
SET autocommit=0;
INSERT INTO LoadInfo (load_info_id,load_date_time,load_file) VALUES 
    ('5a2b6679_a679_4888_8c0a_38a1700e6a57','2013110706481383835703','file:///home/paepcke/EclipseWorkspaces/json_to_relation/json_to_relation/test/data/saveProblemCheck.json');
INSERT INTO Answer (answer_id,problem_id,answer,course_id) VALUES 
    ('c0f83afa_0f7d_406f_94b1_d3c504e00b36','i4x-Medicine-HRP258-problem-44c1ef4e92f648b08adbdcd61d64d558_16_1','66.3','Medicine-HRP258'),
    ('c8581937_a5ba_47e8_8160_3886453d1149','i4x-Medicine-HRP258-problem-44c1ef4e92f648b08adbdcd61d64d558_3_1','1.58','Medicine-HRP258'),
    ('c0f90410_0c63_4268_8563_6cd9190ee530','i4x-Medicine-HRP258-problem-44c1ef4e92f648b08adbdcd61d64d558_12_1','Binary','Medicine-HRP258'),
    ('3a4bef32_e408_4e01_88fc_5b4382c4e4c5','i4x-Medicine-HRP258-problem-44c1ef4e92f648b08adbdcd61d64d558_6_1','choice_2','Medicine-HRP258'),
    ('3b9346ea_d254_4ff5_90a7_d58af8880883','i4x-Medicine-HRP258-problem-44c1ef4e92f648b08adbdcd61d64d558_17_1','73.9','Medicine-HRP258'),
    ('bdd1664b_b27e_410b_ae8f_815e0839d968','i4x-Medicine-HRP258-problem-44c1ef4e92f648b08adbdcd61d64d558_2_1','13.4','Medicine-HRP258'),
    ('6a96c584_6082_4cc3_9b3f_48c1ab30a7f8','i4x-Medicine-HRP258-problem-44c1ef4e92f648b08adbdcd61d64d558_9_1','53','Medicine-HRP258'),
    ('11ca929a_6a95_474a_b193_604bd80c208f','i4x-Medicine-HRP258-problem-44c1ef4e92f648b08adbdcd61d64d558_14_1','choice_3','Medicine-HRP258'),
    ('a1d07c26_9d7c_47a9_a880_c66536913f4d','i4x-Medicine-HRP258-problem-44c1ef4e92f648b08adbdcd61d64d558_13_1','choice_0','Medicine-HRP258'),
    ('6740ea41_4aee_460e_8d03_e2c888e4b337','i4x-Medicine-HRP258-problem-44c1ef4e92f648b08adbdcd61d64d558_5_1','3','Medicine-HRP258'),
    ('dd9f4e38_4e65_49c3_9366_da9f6eb9212f','i4x-Medicine-HRP258-problem-44c1ef4e92f648b08adbdcd61d64d558_10_1','1','Medicine-HRP258'),
    ('ec395b8a_c382_4d73_8119_10cf9a59d393','i4x-Medicine-HRP258-problem-44c1ef4e92f648b08adbdcd61d64d558_19_1','choice_2','Medicine-HRP258'),
    ('24105366_c388_4c81_acc9_05069b4ad424','i4x-Medicine-HRP258-problem-44c1ef4e92f648b08adbdcd61d64d558_8_1','0.25','Medicine-HRP258'),
    ('9b9ca340_c1a7_44ff_8dea_3ab09514d3ec','i4x-Medicine-HRP258-problem-44c1ef4e92f648b08adbdcd61d64d558_15_1','81','Medicine-HRP258'),
    ('a1be7872_1e7c_46d2_b700_7995df07bd58','i4x-Medicine-HRP258-problem-44c1ef4e92f648b08adbdcd61d64d558_4_1','14','Medicine-HRP258'),
    ('2482976b_aeb8_4919_aa50_89194a918a65','i4x-Medicine-HRP258-problem-44c1ef4e92f648b08adbdcd61d64d558_11_1','Nominal','Medicine-HRP258'),
    ('2da27e4c_397e_4664_b2b9_43b86f77b3dc','i4x-Medicine-HRP258-problem-44c1ef4e92f648b08adbdcd61d64d558_18_1','20','Medicine-HRP258'),
    ('ce8143ef_3c5d_45fd_a66d_5ea55aad6bd9','i4x-Medicine-HRP258-problem-44c1ef4e92f648b08adbdcd61d64d558_7_1','0.47','Medicine-HRP258'),
    ('8f103b96_4d3e_45c9_a9e3_8c59bd7524fe','i4x-Medicine-HRP258-problem-44c1ef4e92f648b08adbdcd61d64d558_16_1','66.3','Medicine-HRP258'),
    ('2ab37bb8_c8ae_438a_876c_9d89d320468a','i4x-Medicine-HRP258-problem-44c1ef4e92f648b08adbdcd61d64d558_3_1','1.58','Medicine-HRP258'),
    ('ef820947_7519_423b_9396_bd814f2cc706','i4x-Medicine-HRP258-problem-44c1ef4e92f648b08adbdcd61d64d558_12_1','Binary','Medicine-HRP258'),
    ('75df5bce_58ab_45d7_86e4_539045f83075','i4x-Medicine-HRP258-problem-44c1ef4e92f648b08adbdcd61d64d558_6_1','choice_2','Medicine-HRP258'),
    ('a80a2eaa_4ec9_4f4a_b700_d11c9a91728c','i4x-Medicine-HRP258-problem-44c1ef4e92f648b08adbdcd61d64d558_17_1','73.9','Medicine-HRP258'),
    ('9952713d_2bca_406c_969d_5df20a68f72f','i4x-Medicine-HRP258-problem-44c1ef4e92f648b08adbdcd61d64d558_2_1','13.4','Medicine-HRP258'),
    ('668614e8_5206_4ae6_b4f8_642e963b5c82','i4x-Medicine-HRP258-problem-44c1ef4e92f648b08adbdcd61d64d558_9_1','53','Medicine-HRP258'),
    ('5245d2ab_aca2_45bb_8acc_f4c2bb2238a9','i4x-Medicine-HRP258-problem-44c1ef4e92f648b08adbdcd61d64d558_14_1','choice_3','Medicine-HRP258'),
    ('8a93677e_853e_416a_9f39_4126640eba85','i4x-Medicine-HRP258-problem-44c1ef4e92f648b08adbdcd61d64d558_13_1','choice_0','Medicine-HRP258'),
    ('755d0557_8159_49e7_9ef3_1c8a998deeb9','i4x-Medicine-HRP258-problem-44c1ef4e92f648b08adbdcd61d64d558_5_1','3','Medicine-HRP258'),
    ('f1e0d69a_2c5d_4286_bfdc_4e987ff84910','i4x-Medicine-HRP258-problem-44c1ef4e92f648b08adbdcd61d64d558_10_1','1','Medicine-HRP258'),
    ('542470c5_5b70_4262_a744_2480353d8ba4','i4x-Medicine-HRP258-problem-44c1ef4e92f648b08adbdcd61d64d558_19_1','choice_2','Medicine-HRP258'),
    ('7a124cea_e4af_49a9_afb8_fc3f02ed942a','i4x-Medicine-HRP258-problem-44c1ef4e92f648b08adbdcd61d64d558_8_1','0.25','Medicine-HRP258'),
    ('62482d1f_8b43_43ec_8dbf_39aa26329641','i4x-Medicine-HRP258-problem-44c1ef4e92f648b08adbdcd61d64d558_15_1','81','Medicine-HRP258'),
    ('519b045a_cf55_4327_acf6_417e0f364d61','i4x-Medicine-HRP258-problem-44c1ef4e92f648b08adbdcd61d64d558_4_1','14','Medicine-HRP258'),
    ('ef2e7d68_b47e_42ce_83d4_c2f9e8e03f84','i4x-Medicine-HRP258-problem-44c1ef4e92f648b08adbdcd61d64d558_11_1','Nominal','Medicine-HRP258'),
    ('71e1ae99_02cc_4ffd_8f74_36ed0c0c8e4d','i4x-Medicine-HRP258-problem-44c1ef4e92f648b08adbdcd61d64d558_18_1','20','Medicine-HRP258'),
    ('10d7736f_298d_4150_ad10_9466dac4fcb1','i4x-Medicine-HRP258-problem-44c1ef4e92f648b08adbdcd61d64d558_7_1','0.47','Medicine-HRP258');
INSERT INTO InputState (input_state_id,problem_id,state) VALUES 
    ('a7f63623_a641_411c_ab81_763772781b5f','i4x-Medicine-HRP258-problem-44c1ef4e92f648b08adbdcd61d64d558_16_1',null),
    ('8ac105d7_3f6c_40fb_8e23_c0f92d503839','i4x-Medicine-HRP258-problem-44c1ef4e92f648b08adbdcd61d64d558_3_1',null),
    ('36894d15_8fc9_47f7_8a81_18017e1cca6d','i4x-Medicine-HRP258-problem-44c1ef4e92f648b08adbdcd61d64d558_12_1',null),
    ('79b3d8fd_9402_4418_964f_7dc8d0d7c56b','i4x-Medicine-HRP258-problem-44c1ef4e92f648b08adbdcd61d64d558_6_1',null),
    ('7751310a_053c_4eee_8a50_a813e3a62fd9','i4x-Medicine-HRP258-problem-44c1ef4e92f648b08adbdcd61d64d558_17_1',null),
    ('d4ec82f8_5dd8_46ff_9029_b7ea2e8b423d','i4x-Medicine-HRP258-problem-44c1ef4e92f648b08adbdcd61d64d558_2_1',null),
    ('5af53169_8cec_4f9a_b557_be4e25f7588d','i4x-Medicine-HRP258-problem-44c1ef4e92f648b08adbdcd61d64d558_9_1',null),
    ('5ce9deab_e5e2_40a2_b1c3_96b6365b4553','i4x-Medicine-HRP258-problem-44c1ef4e92f648b08adbdcd61d64d558_14_1',null),
    ('691a7b02_f80f_4bcc_a6fd_faae78ffcf65','i4x-Medicine-HRP258-problem-44c1ef4e92f648b08adbdcd61d64d558_13_1',null),
    ('3b3fad60_2b43_4ecf_ab43_60edb1924fdb','i4x-Medicine-HRP258-problem-44c1ef4e92f648b08adbdcd61d64d558_5_1',null),
    ('d2b93927_e21c_4b3c_a21d_98ea911e6adc','i4x-Medicine-HRP258-problem-44c1ef4e92f648b08adbdcd61d64d558_10_1',null),
    ('ac12ca7f_0ede_4ae1_b995_17f082d1c9f4','i4x-Medicine-HRP258-problem-44c1ef4e92f648b08adbdcd61d64d558_19_1',null),
    ('3ad5e383_ea65_49a1_95ca_92f9486dad9a','i4x-Medicine-HRP258-problem-44c1ef4e92f648b08adbdcd61d64d558_8_1',null),
    ('5ebaa79c_c959_455f_979b_c1ef8ad6bb37','i4x-Medicine-HRP258-problem-44c1ef4e92f648b08adbdcd61d64d558_15_1',null),
    ('50e84b3a_260d_48e6_8131_41636edd8e58','i4x-Medicine-HRP258-problem-44c1ef4e92f648b08adbdcd61d64d558_4_1',null),
    ('802d97ca_d803_4af1_9bea_3529658ad674','i4x-Medicine-HRP258-problem-44c1ef4e92f648b08adbdcd61d64d558_11_1',null),
    ('808ecc85_3dba_4d29_b186_a7a461e0d266','i4x-Medicine-HRP258-problem-44c1ef4e92f648b08adbdcd61d64d558_18_1',null),
    ('a08d78c0_7ee7_4ec7_b292_b516e57ac240','i4x-Medicine-HRP258-problem-44c1ef4e92f648b08adbdcd61d64d558_7_1',null);
INSERT INTO State (state_id,seed,done,problem_id,student_answer,correct_map,input_state) VALUES 
    ('bd903ce5_1ee7_46be_8614_89c7e47d46f4',1,null,null,'8f103b96_4d3e_45c9_a9e3_8c59bd7524fe',null,'a7f63623_a641_411c_ab81_763772781b5f'),
    ('c1451f91_8d86_45bb_9dca_4bcfc7352cdd',1,null,null,'2ab37bb8_c8ae_438a_876c_9d89d320468a',null,'8ac105d7_3f6c_40fb_8e23_c0f92d503839'),
    ('0ac45f3b_4712_451e_a5fa_e1dd75eb5af2',1,null,null,'ef820947_7519_423b_9396_bd814f2cc706',null,'36894d15_8fc9_47f7_8a81_18017e1cca6d'),
    ('3aabf0a4_3f74_480b_bc87_e19dc2a9b3b4',1,null,null,'75df5bce_58ab_45d7_86e4_539045f83075',null,'79b3d8fd_9402_4418_964f_7dc8d0d7c56b'),
    ('47b68321_3631_4603_8a90_8b4ff4920536',1,null,null,'a80a2eaa_4ec9_4f4a_b700_d11c9a91728c',null,'7751310a_053c_4eee_8a50_a813e3a62fd9'),
    ('7b728483_aa58_40be_886b_ef2a98bc1cb6',1,null,null,'9952713d_2bca_406c_969d_5df20a68f72f',null,'d4ec82f8_5dd8_46ff_9029_b7ea2e8b423d'),
    ('64a5490a_a5d4_4535_99f5_8d039a668040',1,null,null,'668614e8_5206_4ae6_b4f8_642e963b5c82',null,'5af53169_8cec_4f9a_b557_be4e25f7588d'),
    ('b4030b7b_052f_49fa_8ccb_8a0c30ca6e1b',1,null,null,'5245d2ab_aca2_45bb_8acc_f4c2bb2238a9',null,'5ce9deab_e5e2_40a2_b1c3_96b6365b4553'),
    ('b2205629_2674_46cb_b451_ab7b5d06de53',1,null,null,'8a93677e_853e_416a_9f39_4126640eba85',null,'691a7b02_f80f_4bcc_a6fd_faae78ffcf65'),
    ('07532554_e6c4_4bdd_9173_37c4e5c2866b',1,null,null,'755d0557_8159_49e7_9ef3_1c8a998deeb9',null,'3b3fad60_2b43_4ecf_ab43_60edb1924fdb'),
    ('908e5536_9865_443d_89af_926df214f76a',1,null,null,'f1e0d69a_2c5d_4286_bfdc_4e987ff84910',null,'d2b93927_e21c_4b3c_a21d_98ea911e6adc'),
    ('b1bba5b8_9ff3_42a7_b68e_318b607f31a5',1,null,null,'542470c5_5b70_4262_a744_2480353d8ba4',null,'ac12ca7f_0ede_4ae1_b995_17f082d1c9f4'),
    ('7897cb75_8a00_406c_bb0d_4ab0a52f1e1d',1,null,null,'7a124cea_e4af_49a9_afb8_fc3f02ed942a',null,'3ad5e383_ea65_49a1_95ca_92f9486dad9a'),
    ('a6b8d567_998e_4d21_9278_75c48028760e',1,null,null,'62482d1f_8b43_43ec_8dbf_39aa26329641',null,'5ebaa79c_c959_455f_979b_c1ef8ad6bb37'),
    ('25ba47d7_ad0d_43ee_93a6_e9f1aa4cd508',1,null,null,'519b045a_cf55_4327_acf6_417e0f364d61',null,'50e84b3a_260d_48e6_8131_41636edd8e58'),
    ('8d0435d9_1a3c_4d38_b75e_07f13af60f24',1,null,null,'ef2e7d68_b47e_42ce_83d4_c2f9e8e03f84',null,'802d97ca_d803_4af1_9bea_3529658ad674'),
    ('f9a44a8a_f112_428f_abc2_9447c8ffe038',1,null,null,'71e1ae99_02cc_4ffd_8f74_36ed0c0c8e4d',null,'808ecc85_3dba_4d29_b186_a7a461e0d266'),
    ('4d964587_574c_4083_b7a7_c2a8aeef9cb3',1,null,null,'10d7736f_298d_4150_ad10_9466dac4fcb1',null,'a08d78c0_7ee7_4ec7_b292_b516e57ac240');
INSERT INTO EdxTrackEvent (_id,event_id,agent,event_source,event_type,ip,page,session,time,username,downtime_for,student_id,instructor_id,course_id,sequence_id,goto_from,goto_dest,problem_id,problem_choice,question_location,submission_id,attempts,long_answer,student_file,can_upload_file,feedback,feedback_response_selected,transcript_id,transcript_code,rubric_selection,rubric_category,video_id,video_code,video_current_time,video_speed,video_old_time,video_new_time,video_seek_type,video_new_speed,video_old_speed,book_interaction_type,success,answer_id,hint,hintmode,correctness,msg,npoints,queuestate,orig_score,new_score,orig_total,new_total,event_name,group_user,group_action,position,badly_formatted,correctMap_fk,answer_fk,state_fk,account_fk,load_info_fk) VALUES 
    (0,'b54c1f73_6fa6_4e6a_84d6_679cd21bb1e9','Mozilla/5.0 (Windows NT 6.1) AppleWebKit/537.36 (KHTML, like Gecko) Chrome/27.0.1453.110 Safari/537.36','server','save_problem_check','147.32.84.59','x_module','','2013-06-12T09:19:41.439185','Radim','0:00:00','','','Medicine-HRP258','',-1,-1,'i4x-Medicine-HRP258-problem-44c1ef4e92f648b08adbdcd61d64d558_16_1','','','',-1,'','','','',-1,'','',-1,-1,'','','','','','','','','','','incorrect','','','','','',-1,'',-1,-1,-1,-1,'','','',-1,'','','c0f83afa_0f7d_406f_94b1_d3c504e00b36','bd903ce5_1ee7_46be_8614_89c7e47d46f4','','5a2b6679_a679_4888_8c0a_38a1700e6a57'),
    (0,'b54c1f73_6fa6_4e6a_84d6_679cd21bb1e9','Mozilla/5.0 (Windows NT 6.1) AppleWebKit/537.36 (KHTML, like Gecko) Chrome/27.0.1453.110 Safari/537.36','server','save_problem_check','147.32.84.59','x_module','','2013-06-12T09:19:41.439185','Radim','0:00:00','','','Medicine-HRP258','',-1,-1,'i4x-Medicine-HRP258-problem-44c1ef4e92f648b08adbdcd61d64d558_3_1','','','',-1,'','','','',-1,'','',-1,-1,'','','','','','','','','','','incorrect','','','','','',-1,'',-1,-1,-1,-1,'','','',-1,'','','c8581937_a5ba_47e8_8160_3886453d1149','c1451f91_8d86_45bb_9dca_4bcfc7352cdd','','5a2b6679_a679_4888_8c0a_38a1700e6a57'),
    (0,'b54c1f73_6fa6_4e6a_84d6_679cd21bb1e9','Mozilla/5.0 (Windows NT 6.1) AppleWebKit/537.36 (KHTML, like Gecko) Chrome/27.0.1453.110 Safari/537.36','server','save_problem_check','147.32.84.59','x_module','','2013-06-12T09:19:41.439185','Radim','0:00:00','','','Medicine-HRP258','',-1,-1,'i4x-Medicine-HRP258-problem-44c1ef4e92f648b08adbdcd61d64d558_12_1','','','',-1,'','','','',-1,'','',-1,-1,'','','','','','','','','','','incorrect','','','','','',-1,'',-1,-1,-1,-1,'','','',-1,'','','c0f90410_0c63_4268_8563_6cd9190ee530','0ac45f3b_4712_451e_a5fa_e1dd75eb5af2','','5a2b6679_a679_4888_8c0a_38a1700e6a57'),
    (0,'b54c1f73_6fa6_4e6a_84d6_679cd21bb1e9','Mozilla/5.0 (Windows NT 6.1) AppleWebKit/537.36 (KHTML, like Gecko) Chrome/27.0.1453.110 Safari/537.36','server','save_problem_check','147.32.84.59','x_module','','2013-06-12T09:19:41.439185','Radim','0:00:00','','','Medicine-HRP258','',-1,-1,'i4x-Medicine-HRP258-problem-44c1ef4e92f648b08adbdcd61d64d558_6_1','','','',-1,'','','','',-1,'','',-1,-1,'','','','','','','','','','','incorrect','','','','','',-1,'',-1,-1,-1,-1,'','','',-1,'','','3a4bef32_e408_4e01_88fc_5b4382c4e4c5','3aabf0a4_3f74_480b_bc87_e19dc2a9b3b4','','5a2b6679_a679_4888_8c0a_38a1700e6a57'),
    (0,'b54c1f73_6fa6_4e6a_84d6_679cd21bb1e9','Mozilla/5.0 (Windows NT 6.1) AppleWebKit/537.36 (KHTML, like Gecko) Chrome/27.0.1453.110 Safari/537.36','server','save_problem_check','147.32.84.59','x_module','','2013-06-12T09:19:41.439185','Radim','0:00:00','','','Medicine-HRP258','',-1,-1,'i4x-Medicine-HRP258-problem-44c1ef4e92f648b08adbdcd61d64d558_17_1','','','',-1,'','','','',-1,'','',-1,-1,'','','','','','','','','','','incorrect','','','','','',-1,'',-1,-1,-1,-1,'','','',-1,'','','3b9346ea_d254_4ff5_90a7_d58af8880883','47b68321_3631_4603_8a90_8b4ff4920536','','5a2b6679_a679_4888_8c0a_38a1700e6a57'),
    (0,'b54c1f73_6fa6_4e6a_84d6_679cd21bb1e9','Mozilla/5.0 (Windows NT 6.1) AppleWebKit/537.36 (KHTML, like Gecko) Chrome/27.0.1453.110 Safari/537.36','server','save_problem_check','147.32.84.59','x_module','','2013-06-12T09:19:41.439185','Radim','0:00:00','','','Medicine-HRP258','',-1,-1,'i4x-Medicine-HRP258-problem-44c1ef4e92f648b08adbdcd61d64d558_2_1','','','',-1,'','','','',-1,'','',-1,-1,'','','','','','','','','','','incorrect','','','','','',-1,'',-1,-1,-1,-1,'','','',-1,'','','bdd1664b_b27e_410b_ae8f_815e0839d968','7b728483_aa58_40be_886b_ef2a98bc1cb6','','5a2b6679_a679_4888_8c0a_38a1700e6a57'),
    (0,'b54c1f73_6fa6_4e6a_84d6_679cd21bb1e9','Mozilla/5.0 (Windows NT 6.1) AppleWebKit/537.36 (KHTML, like Gecko) Chrome/27.0.1453.110 Safari/537.36','server','save_problem_check','147.32.84.59','x_module','','2013-06-12T09:19:41.439185','Radim','0:00:00','','','Medicine-HRP258','',-1,-1,'i4x-Medicine-HRP258-problem-44c1ef4e92f648b08adbdcd61d64d558_9_1','','','',-1,'','','','',-1,'','',-1,-1,'','','','','','','','','','','incorrect','','','','','',-1,'',-1,-1,-1,-1,'','','',-1,'','','6a96c584_6082_4cc3_9b3f_48c1ab30a7f8','64a5490a_a5d4_4535_99f5_8d039a668040','','5a2b6679_a679_4888_8c0a_38a1700e6a57'),
    (0,'b54c1f73_6fa6_4e6a_84d6_679cd21bb1e9','Mozilla/5.0 (Windows NT 6.1) AppleWebKit/537.36 (KHTML, like Gecko) Chrome/27.0.1453.110 Safari/537.36','server','save_problem_check','147.32.84.59','x_module','','2013-06-12T09:19:41.439185','Radim','0:00:00','','','Medicine-HRP258','',-1,-1,'i4x-Medicine-HRP258-problem-44c1ef4e92f648b08adbdcd61d64d558_14_1','','','',-1,'','','','',-1,'','',-1,-1,'','','','','','','','','','','incorrect','','','','','',-1,'',-1,-1,-1,-1,'','','',-1,'','','11ca929a_6a95_474a_b193_604bd80c208f','b4030b7b_052f_49fa_8ccb_8a0c30ca6e1b','','5a2b6679_a679_4888_8c0a_38a1700e6a57'),
    (0,'b54c1f73_6fa6_4e6a_84d6_679cd21bb1e9','Mozilla/5.0 (Windows NT 6.1) AppleWebKit/537.36 (KHTML, like Gecko) Chrome/27.0.1453.110 Safari/537.36','server','save_problem_check','147.32.84.59','x_module','','2013-06-12T09:19:41.439185','Radim','0:00:00','','','Medicine-HRP258','',-1,-1,'i4x-Medicine-HRP258-problem-44c1ef4e92f648b08adbdcd61d64d558_13_1','','','',-1,'','','','',-1,'','',-1,-1,'','','','','','','','','','','incorrect','','','','','',-1,'',-1,-1,-1,-1,'','','',-1,'','','a1d07c26_9d7c_47a9_a880_c66536913f4d','b2205629_2674_46cb_b451_ab7b5d06de53','','5a2b6679_a679_4888_8c0a_38a1700e6a57'),
    (0,'b54c1f73_6fa6_4e6a_84d6_679cd21bb1e9','Mozilla/5.0 (Windows NT 6.1) AppleWebKit/537.36 (KHTML, like Gecko) Chrome/27.0.1453.110 Safari/537.36','server','save_problem_check','147.32.84.59','x_module','','2013-06-12T09:19:41.439185','Radim','0:00:00','','','Medicine-HRP258','',-1,-1,'i4x-Medicine-HRP258-problem-44c1ef4e92f648b08adbdcd61d64d558_5_1','','','',-1,'','','','',-1,'','',-1,-1,'','','','','','','','','','','incorrect','','','','','',-1,'',-1,-1,-1,-1,'','','',-1,'','','6740ea41_4aee_460e_8d03_e2c888e4b337','07532554_e6c4_4bdd_9173_37c4e5c2866b','','5a2b6679_a679_4888_8c0a_38a1700e6a57'),
    (0,'b54c1f73_6fa6_4e6a_84d6_679cd21bb1e9','Mozilla/5.0 (Windows NT 6.1) AppleWebKit/537.36 (KHTML, like Gecko) Chrome/27.0.1453.110 Safari/537.36','server','save_problem_check','147.32.84.59','x_module','','2013-06-12T09:19:41.439185','Radim','0:00:00','','','Medicine-HRP258','',-1,-1,'i4x-Medicine-HRP258-problem-44c1ef4e92f648b08adbdcd61d64d558_10_1','','','',-1,'','','','',-1,'','',-1,-1,'','','','','','','','','','','incorrect','','','','','',-1,'',-1,-1,-1,-1,'','','',-1,'','','dd9f4e38_4e65_49c3_9366_da9f6eb9212f','908e5536_9865_443d_89af_926df214f76a','','5a2b6679_a679_4888_8c0a_38a1700e6a57'),
    (0,'b54c1f73_6fa6_4e6a_84d6_679cd21bb1e9','Mozilla/5.0 (Windows NT 6.1) AppleWebKit/537.36 (KHTML, like Gecko) Chrome/27.0.1453.110 Safari/537.36','server','save_problem_check','147.32.84.59','x_module','','2013-06-12T09:19:41.439185','Radim','0:00:00','','','Medicine-HRP258','',-1,-1,'i4x-Medicine-HRP258-problem-44c1ef4e92f648b08adbdcd61d64d558_19_1','','','',-1,'','','','',-1,'','',-1,-1,'','','','','','','','','','','incorrect','','','','','',-1,'',-1,-1,-1,-1,'','','',-1,'','','ec395b8a_c382_4d73_8119_10cf9a59d393','b1bba5b8_9ff3_42a7_b68e_318b607f31a5','','5a2b6679_a679_4888_8c0a_38a1700e6a57'),
    (0,'b54c1f73_6fa6_4e6a_84d6_679cd21bb1e9','Mozilla/5.0 (Windows NT 6.1) AppleWebKit/537.36 (KHTML, like Gecko) Chrome/27.0.1453.110 Safari/537.36','server','save_problem_check','147.32.84.59','x_module','','2013-06-12T09:19:41.439185','Radim','0:00:00','','','Medicine-HRP258','',-1,-1,'i4x-Medicine-HRP258-problem-44c1ef4e92f648b08adbdcd61d64d558_8_1','','','',-1,'','','','',-1,'','',-1,-1,'','','','','','','','','','','incorrect','','','','','',-1,'',-1,-1,-1,-1,'','','',-1,'','','24105366_c388_4c81_acc9_05069b4ad424','7897cb75_8a00_406c_bb0d_4ab0a52f1e1d','','5a2b6679_a679_4888_8c0a_38a1700e6a57'),
    (0,'b54c1f73_6fa6_4e6a_84d6_679cd21bb1e9','Mozilla/5.0 (Windows NT 6.1) AppleWebKit/537.36 (KHTML, like Gecko) Chrome/27.0.1453.110 Safari/537.36','server','save_problem_check','147.32.84.59','x_module','','2013-06-12T09:19:41.439185','Radim','0:00:00','','','Medicine-HRP258','',-1,-1,'i4x-Medicine-HRP258-problem-44c1ef4e92f648b08adbdcd61d64d558_15_1','','','',-1,'','','','',-1,'','',-1,-1,'','','','','','','','','','','incorrect','','','','','',-1,'',-1,-1,-1,-1,'','','',-1,'','','9b9ca340_c1a7_44ff_8dea_3ab09514d3ec','a6b8d567_998e_4d21_9278_75c48028760e','','5a2b6679_a679_4888_8c0a_38a1700e6a57'),
    (0,'b54c1f73_6fa6_4e6a_84d6_679cd21bb1e9','Mozilla/5.0 (Windows NT 6.1) AppleWebKit/537.36 (KHTML, like Gecko) Chrome/27.0.1453.110 Safari/537.36','server','save_problem_check','147.32.84.59','x_module','','2013-06-12T09:19:41.439185','Radim','0:00:00','','','Medicine-HRP258','',-1,-1,'i4x-Medicine-HRP258-problem-44c1ef4e92f648b08adbdcd61d64d558_4_1','','','',-1,'','','','',-1,'','',-1,-1,'','','','','','','','','','','incorrect','','','','','',-1,'',-1,-1,-1,-1,'','','',-1,'','','a1be7872_1e7c_46d2_b700_7995df07bd58','25ba47d7_ad0d_43ee_93a6_e9f1aa4cd508','','5a2b6679_a679_4888_8c0a_38a1700e6a57'),
    (0,'b54c1f73_6fa6_4e6a_84d6_679cd21bb1e9','Mozilla/5.0 (Windows NT 6.1) AppleWebKit/537.36 (KHTML, like Gecko) Chrome/27.0.1453.110 Safari/537.36','server','save_problem_check','147.32.84.59','x_module','','2013-06-12T09:19:41.439185','Radim','0:00:00','','','Medicine-HRP258','',-1,-1,'i4x-Medicine-HRP258-problem-44c1ef4e92f648b08adbdcd61d64d558_11_1','','','',-1,'','','','',-1,'','',-1,-1,'','','','','','','','','','','incorrect','','','','','',-1,'',-1,-1,-1,-1,'','','',-1,'','','2482976b_aeb8_4919_aa50_89194a918a65','8d0435d9_1a3c_4d38_b75e_07f13af60f24','','5a2b6679_a679_4888_8c0a_38a1700e6a57'),
    (0,'b54c1f73_6fa6_4e6a_84d6_679cd21bb1e9','Mozilla/5.0 (Windows NT 6.1) AppleWebKit/537.36 (KHTML, like Gecko) Chrome/27.0.1453.110 Safari/537.36','server','save_problem_check','147.32.84.59','x_module','','2013-06-12T09:19:41.439185','Radim','0:00:00','','','Medicine-HRP258','',-1,-1,'i4x-Medicine-HRP258-problem-44c1ef4e92f648b08adbdcd61d64d558_18_1','','','',-1,'','','','',-1,'','',-1,-1,'','','','','','','','','','','incorrect','','','','','',-1,'',-1,-1,-1,-1,'','','',-1,'','','2da27e4c_397e_4664_b2b9_43b86f77b3dc','f9a44a8a_f112_428f_abc2_9447c8ffe038','','5a2b6679_a679_4888_8c0a_38a1700e6a57'),
    (0,'b54c1f73_6fa6_4e6a_84d6_679cd21bb1e9','Mozilla/5.0 (Windows NT 6.1) AppleWebKit/537.36 (KHTML, like Gecko) Chrome/27.0.1453.110 Safari/537.36','server','save_problem_check','147.32.84.59','x_module','','2013-06-12T09:19:41.439185','Radim','0:00:00','','','Medicine-HRP258','',-1,-1,'i4x-Medicine-HRP258-problem-44c1ef4e92f648b08adbdcd61d64d558_7_1','','','',-1,'','','','',-1,'','',-1,-1,'','','','','','','','','','','incorrect','','','','','',-1,'',-1,-1,-1,-1,'','','',-1,'','','ce8143ef_3c5d_45fd_a66d_5ea55aad6bd9','4d964587_574c_4083_b7a7_c2a8aeef9cb3','','5a2b6679_a679_4888_8c0a_38a1700e6a57'),
    (0,'b54c1f73_6fa6_4e6a_84d6_679cd21bb1e9','Mozilla/5.0 (Windows NT 6.1) AppleWebKit/537.36 (KHTML, like Gecko) Chrome/27.0.1453.110 Safari/537.36','server','save_problem_check','147.32.84.59','x_module','','2013-06-12T09:19:41.439185','Radim','0:00:00','','','Medicine-HRP258','',-1,-1,'i4x-Medicine-HRP258-problem-44c1ef4e92f648b08adbdcd61d64d558_7_1','','','',-1,'','','','',-1,'','',-1,-1,'','','','','','','','','','','incorrect','','','','','',-1,'',-1,-1,-1,-1,'','','',-1,'','','ce8143ef_3c5d_45fd_a66d_5ea55aad6bd9','4d964587_574c_4083_b7a7_c2a8aeef9cb3','','5a2b6679_a679_4888_8c0a_38a1700e6a57');
COMMIT;
SET foreign_key_checks=1;
SET unique_checks=1;
