USE test;
SET foreign_key_checks = 0;
DROP TABLE IF EXISTS EdxTrackEvent, Answer, InputState, CorrectMap, State, Account, LoadInfo;
SET foreign_key_checks = 1;
CREATE TABLE IF NOT EXISTS Answer (
    answer_id VARCHAR(40) NOT NULL PRIMARY KEY,
    problem_id TEXT,
    answer TEXT,
    course_id TEXT
    );
CREATE TABLE IF NOT EXISTS CorrectMap (
    correct_map_id VARCHAR(40) NOT NULL PRIMARY KEY,
    answer_identifier TEXT,
    correctness TINYTEXT,
    npoints INT,
    msg TEXT,
    hint TEXT,
    hintmode TINYTEXT,
    queuestate TEXT
    );
CREATE TABLE IF NOT EXISTS InputState (
    input_state_id VARCHAR(40) NOT NULL PRIMARY KEY,
    problem_id TEXT,
    state TEXT
    );
CREATE TABLE IF NOT EXISTS State (
    state_id VARCHAR(40) NOT NULL PRIMARY KEY,
    seed TINYINT,
    done TINYINT,
    problem_id TEXT,
    student_answer VARCHAR(40),
    correct_map VARCHAR(40),
    input_state VARCHAR(40),
    FOREIGN KEY(student_answer) REFERENCES Answer(answer_id),
    FOREIGN KEY(correct_map) REFERENCES CorrectMap(correct_map_id),
    FOREIGN KEY(input_state) REFERENCES InputState(input_state_id)
    );
CREATE TABLE IF NOT EXISTS Account (
    account_id VARCHAR(40) NOT NULL PRIMARY KEY,
    username TEXT,
    name TEXT,
    mailing_address TEXT,
    zipcode TINYTEXT,
    country TINYTEXT,
    gender TINYTEXT,
    year_of_birth TINYINT,
    level_of_education TINYTEXT,
    goals TEXT,
    honor_code BOOL,
    terms_of_service BOOL,
    course_id TEXT,
    enrollment_action TINYTEXT,
    email TEXT,
    receive_emails TINYTEXT
    );
CREATE TABLE IF NOT EXISTS LoadInfo (
    load_info_id INT NOT NULL PRIMARY KEY,
    load_date_time DATETIME,
    load_file TEXT
    );
CREATE TABLE IF NOT EXISTS EdxTrackEvent (
    _id BIGINT NOT NULL PRIMARY KEY AUTO_INCREMENT,
    event_id VARCHAR(40),
    agent TEXT,
    event_source TINYTEXT,
    event_type TEXT,
    ip TINYTEXT,
    page TEXT,
    session TEXT,
    time DATETIME,
    username TEXT,
    downtime_for DATETIME,
    student_id TEXT,
    instructor_id TEXT,
    course_id TEXT,
    sequence_id TEXT,
    goto_from INT,
    goto_dest INT,
    problem_id TEXT,
    problem_choice TEXT,
    question_location TEXT,
    submission_id TEXT,
    attempts TINYINT,
    long_answer TEXT,
    student_file TEXT,
    can_upload_file TINYTEXT,
    feedback TEXT,
    feedback_response_selected TINYINT,
    transcript_id TEXT,
    transcript_code TINYTEXT,
    rubric_selection INT,
    rubric_category INT,
    video_id TEXT,
    video_code TEXT,
    video_current_time TINYTEXT,
    video_speed TINYTEXT,
    video_old_time TINYTEXT,
    video_new_time TINYTEXT,
    video_seek_type TINYTEXT,
    video_new_speed TINYTEXT,
    video_old_speed TINYTEXT,
    book_interaction_type TINYTEXT,
    success TINYTEXT,
    answer_id TEXT,
    hint TEXT,
    hintmode TINYTEXT,
    correctness TINYTEXT,
    msg TEXT,
    npoints TINYINT,
    queuestate TEXT,
    orig_score INT,
    new_score INT,
    orig_total INT,
    new_total INT,
    event_name TINYTEXT,
    group_user TINYTEXT,
    group_action TINYTEXT,
    position INT,
    badly_formatted TEXT,
    correctMap_fk VARCHAR(40),
    answer_fk VARCHAR(40),
    state_fk VARCHAR(40),
    account_fk VARCHAR(40),
    load_info_fk INT,
    FOREIGN KEY(correctMap_fk) REFERENCES CorrectMap(correct_map_id),
    FOREIGN KEY(answer_fk) REFERENCES Answer(answer_id),
    FOREIGN KEY(state_fk) REFERENCES State(state_id),
    FOREIGN KEY(account_fk) REFERENCES Account(account_id),
    FOREIGN KEY(load_info_fk) REFERENCES LoadInfo(load_info_id)
    );
SET foreign_key_checks=0;
SET unique_checks=0;
SET autocommit=0;
INSERT INTO LoadInfo (load_info_id,load_date_time,load_file) VALUES 
    ('a54fa1b0_9805_4891_b347_4c273012977a','2013110705101383829838','file:///home/paepcke/EclipseWorkspaces/json_to_relation/json_to_relation/test/data/saveProblemCheck.json');
INSERT INTO Answer (answer_id,problem_id,answer,course_id) VALUES 
    ('42a11228_2aa9_4103_8ae9_ae9ef6619a6d','i4x-Medicine-HRP258-problem-44c1ef4e92f648b08adbdcd61d64d558_16_1','66.3','Medicine-HRP258'),
    ('a96ba7f7_087f_4204_9f80_e8fe152fd709','i4x-Medicine-HRP258-problem-44c1ef4e92f648b08adbdcd61d64d558_3_1','1.58','Medicine-HRP258'),
    ('d7098de7_a20b_499a_a5c8_6926359772c1','i4x-Medicine-HRP258-problem-44c1ef4e92f648b08adbdcd61d64d558_12_1','Binary','Medicine-HRP258'),
    ('73a8ef05_6b79_4dc3_9596_033f9f5bbbc4','i4x-Medicine-HRP258-problem-44c1ef4e92f648b08adbdcd61d64d558_6_1','choice_2','Medicine-HRP258'),
    ('7d643078_d164_4205_a879_6252d0de1418','i4x-Medicine-HRP258-problem-44c1ef4e92f648b08adbdcd61d64d558_17_1','73.9','Medicine-HRP258'),
    ('e3763e02_8db2_4ff0_90a0_81c19f8080a5','i4x-Medicine-HRP258-problem-44c1ef4e92f648b08adbdcd61d64d558_2_1','13.4','Medicine-HRP258'),
    ('eb4df0cb_a8fe_41ca_9da0_2eb1aa780610','i4x-Medicine-HRP258-problem-44c1ef4e92f648b08adbdcd61d64d558_9_1','53','Medicine-HRP258'),
    ('3b724a38_c673_4356_9add_f72b4bd6ca16','i4x-Medicine-HRP258-problem-44c1ef4e92f648b08adbdcd61d64d558_14_1','choice_3','Medicine-HRP258'),
    ('d7e29267_0363_45b8_b755_6edd96100620','i4x-Medicine-HRP258-problem-44c1ef4e92f648b08adbdcd61d64d558_13_1','choice_0','Medicine-HRP258'),
    ('71c20371_be29_4f32_a989_d9c2dbf01565','i4x-Medicine-HRP258-problem-44c1ef4e92f648b08adbdcd61d64d558_5_1','3','Medicine-HRP258'),
    ('e04b4374_155f_4c20_b317_098af356354d','i4x-Medicine-HRP258-problem-44c1ef4e92f648b08adbdcd61d64d558_10_1','1','Medicine-HRP258'),
    ('d401cc55_1201_4d51_8b62_a1a7418436b4','i4x-Medicine-HRP258-problem-44c1ef4e92f648b08adbdcd61d64d558_19_1','choice_2','Medicine-HRP258'),
    ('37b426e2_f8e1_4b00_b006_40c84e95a5d4','i4x-Medicine-HRP258-problem-44c1ef4e92f648b08adbdcd61d64d558_8_1','0.25','Medicine-HRP258'),
    ('b4915ba1_4539_4ade_aead_f08c060d1621','i4x-Medicine-HRP258-problem-44c1ef4e92f648b08adbdcd61d64d558_15_1','81','Medicine-HRP258'),
    ('43b78353_90ba_494b_bfaf_0160e464407d','i4x-Medicine-HRP258-problem-44c1ef4e92f648b08adbdcd61d64d558_4_1','14','Medicine-HRP258'),
    ('92dc820b_c1c5_47f9_8a78_db38f7ff31b0','i4x-Medicine-HRP258-problem-44c1ef4e92f648b08adbdcd61d64d558_11_1','Nominal','Medicine-HRP258'),
    ('ec563b11_9cbf_40a9_ad1b_bcda3ddeb705','i4x-Medicine-HRP258-problem-44c1ef4e92f648b08adbdcd61d64d558_18_1','20','Medicine-HRP258'),
    ('4d5da654_bcd6_4077_8008_e1071b31bb66','i4x-Medicine-HRP258-problem-44c1ef4e92f648b08adbdcd61d64d558_7_1','0.47','Medicine-HRP258'),
    ('0abebe73_892f_4390_b25e_aeefe8e660f1','i4x-Medicine-HRP258-problem-44c1ef4e92f648b08adbdcd61d64d558_16_1','66.3','Medicine-HRP258'),
    ('b0f63a9b_1c70_4c30_93d7_84fb0622afb2','i4x-Medicine-HRP258-problem-44c1ef4e92f648b08adbdcd61d64d558_3_1','1.58','Medicine-HRP258'),
    ('6e160dfa_4b7e_4826_8c8d_5c6b28b6e0d0','i4x-Medicine-HRP258-problem-44c1ef4e92f648b08adbdcd61d64d558_12_1','Binary','Medicine-HRP258'),
    ('4903b88d_908d_4f87_a5af_7121bdaeebdc','i4x-Medicine-HRP258-problem-44c1ef4e92f648b08adbdcd61d64d558_6_1','choice_2','Medicine-HRP258'),
    ('99447a02_c1e3_4c6d_a88c_54bbdb34ada6','i4x-Medicine-HRP258-problem-44c1ef4e92f648b08adbdcd61d64d558_17_1','73.9','Medicine-HRP258'),
    ('89ad5948_ef4a_46a7_8f2a_ad2893722db4','i4x-Medicine-HRP258-problem-44c1ef4e92f648b08adbdcd61d64d558_2_1','13.4','Medicine-HRP258'),
    ('1887243b_5aff_407a_9150_e97d19fdb38e','i4x-Medicine-HRP258-problem-44c1ef4e92f648b08adbdcd61d64d558_9_1','53','Medicine-HRP258'),
    ('cedd156d_053c_49ac_b629_711ff0cded95','i4x-Medicine-HRP258-problem-44c1ef4e92f648b08adbdcd61d64d558_14_1','choice_3','Medicine-HRP258'),
    ('9977300e_67fd_4f0a_8acd_169666b7438a','i4x-Medicine-HRP258-problem-44c1ef4e92f648b08adbdcd61d64d558_13_1','choice_0','Medicine-HRP258'),
    ('d243e3ef_2266_4697_80f3_2494540426cb','i4x-Medicine-HRP258-problem-44c1ef4e92f648b08adbdcd61d64d558_5_1','3','Medicine-HRP258'),
    ('a1fb4e10_226f_4597_98b4_104bd12b17b0','i4x-Medicine-HRP258-problem-44c1ef4e92f648b08adbdcd61d64d558_10_1','1','Medicine-HRP258'),
    ('d5c7d01d_6b33_4209_97c5_994ff319c79e','i4x-Medicine-HRP258-problem-44c1ef4e92f648b08adbdcd61d64d558_19_1','choice_2','Medicine-HRP258'),
    ('37faa587_a828_494a_a619_a6e8ce4a227d','i4x-Medicine-HRP258-problem-44c1ef4e92f648b08adbdcd61d64d558_8_1','0.25','Medicine-HRP258'),
    ('9b08e3a2_4326_40a1_8930_37c69699168b','i4x-Medicine-HRP258-problem-44c1ef4e92f648b08adbdcd61d64d558_15_1','81','Medicine-HRP258'),
    ('7a1b53ab_3a53_4a2e_a01f_d2d83e3f6291','i4x-Medicine-HRP258-problem-44c1ef4e92f648b08adbdcd61d64d558_4_1','14','Medicine-HRP258'),
    ('f59f2a59_b1ca_4544_acec_ffb4eac6eeb7','i4x-Medicine-HRP258-problem-44c1ef4e92f648b08adbdcd61d64d558_11_1','Nominal','Medicine-HRP258'),
    ('f939f425_14a7_4a15_8cfa_74fc5bd2f276','i4x-Medicine-HRP258-problem-44c1ef4e92f648b08adbdcd61d64d558_18_1','20','Medicine-HRP258'),
    ('a19db4ed_8082_4917_9e6b_ff9c265abb0d','i4x-Medicine-HRP258-problem-44c1ef4e92f648b08adbdcd61d64d558_7_1','0.47','Medicine-HRP258');
INSERT INTO InputState (input_state_id,problem_id,state) VALUES 
    ('ce88c1ee_71ce_4c82_a477_85b47bbe51fa','i4x-Medicine-HRP258-problem-44c1ef4e92f648b08adbdcd61d64d558_16_1',null),
    ('86ca8677_86a5_42cf_8d8e_1b4db681e8db','i4x-Medicine-HRP258-problem-44c1ef4e92f648b08adbdcd61d64d558_3_1',null),
    ('f718dd27_537e_4182_8ca9_2200af1bc8f1','i4x-Medicine-HRP258-problem-44c1ef4e92f648b08adbdcd61d64d558_12_1',null),
    ('56a101cb_746a_434b_8d0a_4e8fb8f86ccf','i4x-Medicine-HRP258-problem-44c1ef4e92f648b08adbdcd61d64d558_6_1',null),
    ('fcbf1eb5_2d31_4abc_9459_2c1907cca30c','i4x-Medicine-HRP258-problem-44c1ef4e92f648b08adbdcd61d64d558_17_1',null),
    ('81500dee_40d3_415b_a210_0a41ccdfffc4','i4x-Medicine-HRP258-problem-44c1ef4e92f648b08adbdcd61d64d558_2_1',null),
    ('5c2567a7_3cd1_4c01_ad57_16821eb18662','i4x-Medicine-HRP258-problem-44c1ef4e92f648b08adbdcd61d64d558_9_1',null),
    ('e41552d0_da02_4c52_accd_ba624fae8e17','i4x-Medicine-HRP258-problem-44c1ef4e92f648b08adbdcd61d64d558_14_1',null),
    ('32df170b_f886_4b2d_9c7f_af700b64729f','i4x-Medicine-HRP258-problem-44c1ef4e92f648b08adbdcd61d64d558_13_1',null),
    ('0e6f37f8_f3be_467c_bb04_84cd4a17ff00','i4x-Medicine-HRP258-problem-44c1ef4e92f648b08adbdcd61d64d558_5_1',null),
    ('63e3d208_fe2c_428e_8cde_40cc1aea90fd','i4x-Medicine-HRP258-problem-44c1ef4e92f648b08adbdcd61d64d558_10_1',null),
    ('50843d3a_e311_4c73_87bb_502170081690','i4x-Medicine-HRP258-problem-44c1ef4e92f648b08adbdcd61d64d558_19_1',null),
    ('2eacb559_781c_4481_a7f5_aa9047b7935f','i4x-Medicine-HRP258-problem-44c1ef4e92f648b08adbdcd61d64d558_8_1',null),
    ('0e8932d7_469b_4de3_a1a8_a2737fee7279','i4x-Medicine-HRP258-problem-44c1ef4e92f648b08adbdcd61d64d558_15_1',null),
    ('3a9bc3ea_1d50_4b79_a605_a2f5ef60206c','i4x-Medicine-HRP258-problem-44c1ef4e92f648b08adbdcd61d64d558_4_1',null),
    ('48262b7d_e916_4a36_bf98_d66717a12e2c','i4x-Medicine-HRP258-problem-44c1ef4e92f648b08adbdcd61d64d558_11_1',null),
    ('b6611215_0363_44f0_a8b7_2c0986a8e91b','i4x-Medicine-HRP258-problem-44c1ef4e92f648b08adbdcd61d64d558_18_1',null),
    ('bbd2e094_324b_4796_847b_2c88340e45ad','i4x-Medicine-HRP258-problem-44c1ef4e92f648b08adbdcd61d64d558_7_1',null);
INSERT INTO State (state_id,seed,done,problem_id,student_answer,correct_map,input_state) VALUES 
    ('140462eb_8b0e_446d_b78b_df58041d4ef0',1,null,null,'0abebe73_892f_4390_b25e_aeefe8e660f1',null,'ce88c1ee_71ce_4c82_a477_85b47bbe51fa'),
    ('93d533f9_2387_42c7_9a5d_d7be138b3028',1,null,null,'b0f63a9b_1c70_4c30_93d7_84fb0622afb2',null,'86ca8677_86a5_42cf_8d8e_1b4db681e8db'),
    ('24eb7c57_1418_469d_ae92_22b2867cca90',1,null,null,'6e160dfa_4b7e_4826_8c8d_5c6b28b6e0d0',null,'f718dd27_537e_4182_8ca9_2200af1bc8f1'),
    ('3c71975b_2592_4eee_a5f8_fa1d6d2c28fa',1,null,null,'4903b88d_908d_4f87_a5af_7121bdaeebdc',null,'56a101cb_746a_434b_8d0a_4e8fb8f86ccf'),
    ('38df45a1_fed0_48b5_a367_e42770fc619c',1,null,null,'99447a02_c1e3_4c6d_a88c_54bbdb34ada6',null,'fcbf1eb5_2d31_4abc_9459_2c1907cca30c'),
    ('0051166f_b380_41e7_a1f7_a88793fb3302',1,null,null,'89ad5948_ef4a_46a7_8f2a_ad2893722db4',null,'81500dee_40d3_415b_a210_0a41ccdfffc4'),
    ('125a6145_21c7_44bb_9745_6010e56bf082',1,null,null,'1887243b_5aff_407a_9150_e97d19fdb38e',null,'5c2567a7_3cd1_4c01_ad57_16821eb18662'),
    ('5d109140_a811_49b1_922d_432c9a0508a3',1,null,null,'cedd156d_053c_49ac_b629_711ff0cded95',null,'e41552d0_da02_4c52_accd_ba624fae8e17'),
    ('811f3011_669c_432e_b5b6_183f4ca9f2c5',1,null,null,'9977300e_67fd_4f0a_8acd_169666b7438a',null,'32df170b_f886_4b2d_9c7f_af700b64729f'),
    ('cc2c9017_b226_486b_ab86_d0e38562a0ad',1,null,null,'d243e3ef_2266_4697_80f3_2494540426cb',null,'0e6f37f8_f3be_467c_bb04_84cd4a17ff00'),
    ('b762d729_0b64_4e0a_a9c8_fbd97074b31d',1,null,null,'a1fb4e10_226f_4597_98b4_104bd12b17b0',null,'63e3d208_fe2c_428e_8cde_40cc1aea90fd'),
    ('62ee75a1_1378_4afd_ac95_68a45d486a04',1,null,null,'d5c7d01d_6b33_4209_97c5_994ff319c79e',null,'50843d3a_e311_4c73_87bb_502170081690'),
    ('60062136_5527_413c_8021_72e542818d20',1,null,null,'37faa587_a828_494a_a619_a6e8ce4a227d',null,'2eacb559_781c_4481_a7f5_aa9047b7935f'),
    ('969d0e51_ac12_41d8_9504_66602d69d5a0',1,null,null,'9b08e3a2_4326_40a1_8930_37c69699168b',null,'0e8932d7_469b_4de3_a1a8_a2737fee7279'),
    ('1f612ff3_49b6_45a8_865a_1d4422ebcbce',1,null,null,'7a1b53ab_3a53_4a2e_a01f_d2d83e3f6291',null,'3a9bc3ea_1d50_4b79_a605_a2f5ef60206c'),
    ('d6aad1bf_866a_40c2_afc1_38017608f083',1,null,null,'f59f2a59_b1ca_4544_acec_ffb4eac6eeb7',null,'48262b7d_e916_4a36_bf98_d66717a12e2c'),
    ('fb1a39eb_3204_4d24_983b_ad35f0a47b4d',1,null,null,'f939f425_14a7_4a15_8cfa_74fc5bd2f276',null,'b6611215_0363_44f0_a8b7_2c0986a8e91b'),
    ('cb2682d5_ac7c_455d_aa77_b8eb039bef35',1,null,null,'a19db4ed_8082_4917_9e6b_ff9c265abb0d',null,'bbd2e094_324b_4796_847b_2c88340e45ad');
INSERT INTO EdxTrackEvent (_id,event_id,agent,event_source,event_type,ip,page,session,time,username,downtime_for,student_id,instructor_id,course_id,sequence_id,goto_from,goto_dest,problem_id,problem_choice,question_location,submission_id,attempts,long_answer,student_file,can_upload_file,feedback,feedback_response_selected,transcript_id,transcript_code,rubric_selection,rubric_category,video_id,video_code,video_current_time,video_speed,video_old_time,video_new_time,video_seek_type,video_new_speed,video_old_speed,book_interaction_type,success,answer_id,hint,hintmode,correctness,msg,npoints,queuestate,orig_score,new_score,orig_total,new_total,event_name,group_user,group_action,position,badly_formatted,correctMap_fk,answer_fk,state_fk,account_fk,load_info_fk) VALUES 
    (0,'881e44dc_6631_4937_933c_3e9fc1cc1deb','Mozilla/5.0 (Windows NT 6.1) AppleWebKit/537.36 (KHTML, like Gecko) Chrome/27.0.1453.110 Safari/537.36','server','save_problem_check','147.32.84.59','x_module','','2013-06-12T09:19:41.439185','Radim','0:00:00','','','Medicine-HRP258','',-1,-1,'i4x-Medicine-HRP258-problem-44c1ef4e92f648b08adbdcd61d64d558_16_1','','','',-1,'','','','',-1,'','',-1,-1,'','','','','','','','','','','incorrect','','','','','',-1,'',-1,-1,-1,-1,'','','',-1,'','','42a11228_2aa9_4103_8ae9_ae9ef6619a6d','140462eb_8b0e_446d_b78b_df58041d4ef0','','a54fa1b0_9805_4891_b347_4c273012977a'),
    (0,'881e44dc_6631_4937_933c_3e9fc1cc1deb','Mozilla/5.0 (Windows NT 6.1) AppleWebKit/537.36 (KHTML, like Gecko) Chrome/27.0.1453.110 Safari/537.36','server','save_problem_check','147.32.84.59','x_module','','2013-06-12T09:19:41.439185','Radim','0:00:00','','','Medicine-HRP258','',-1,-1,'i4x-Medicine-HRP258-problem-44c1ef4e92f648b08adbdcd61d64d558_3_1','','','',-1,'','','','',-1,'','',-1,-1,'','','','','','','','','','','incorrect','','','','','',-1,'',-1,-1,-1,-1,'','','',-1,'','','a96ba7f7_087f_4204_9f80_e8fe152fd709','93d533f9_2387_42c7_9a5d_d7be138b3028','','a54fa1b0_9805_4891_b347_4c273012977a'),
    (0,'881e44dc_6631_4937_933c_3e9fc1cc1deb','Mozilla/5.0 (Windows NT 6.1) AppleWebKit/537.36 (KHTML, like Gecko) Chrome/27.0.1453.110 Safari/537.36','server','save_problem_check','147.32.84.59','x_module','','2013-06-12T09:19:41.439185','Radim','0:00:00','','','Medicine-HRP258','',-1,-1,'i4x-Medicine-HRP258-problem-44c1ef4e92f648b08adbdcd61d64d558_12_1','','','',-1,'','','','',-1,'','',-1,-1,'','','','','','','','','','','incorrect','','','','','',-1,'',-1,-1,-1,-1,'','','',-1,'','','d7098de7_a20b_499a_a5c8_6926359772c1','24eb7c57_1418_469d_ae92_22b2867cca90','','a54fa1b0_9805_4891_b347_4c273012977a'),
    (0,'881e44dc_6631_4937_933c_3e9fc1cc1deb','Mozilla/5.0 (Windows NT 6.1) AppleWebKit/537.36 (KHTML, like Gecko) Chrome/27.0.1453.110 Safari/537.36','server','save_problem_check','147.32.84.59','x_module','','2013-06-12T09:19:41.439185','Radim','0:00:00','','','Medicine-HRP258','',-1,-1,'i4x-Medicine-HRP258-problem-44c1ef4e92f648b08adbdcd61d64d558_6_1','','','',-1,'','','','',-1,'','',-1,-1,'','','','','','','','','','','incorrect','','','','','',-1,'',-1,-1,-1,-1,'','','',-1,'','','73a8ef05_6b79_4dc3_9596_033f9f5bbbc4','3c71975b_2592_4eee_a5f8_fa1d6d2c28fa','','a54fa1b0_9805_4891_b347_4c273012977a'),
    (0,'881e44dc_6631_4937_933c_3e9fc1cc1deb','Mozilla/5.0 (Windows NT 6.1) AppleWebKit/537.36 (KHTML, like Gecko) Chrome/27.0.1453.110 Safari/537.36','server','save_problem_check','147.32.84.59','x_module','','2013-06-12T09:19:41.439185','Radim','0:00:00','','','Medicine-HRP258','',-1,-1,'i4x-Medicine-HRP258-problem-44c1ef4e92f648b08adbdcd61d64d558_17_1','','','',-1,'','','','',-1,'','',-1,-1,'','','','','','','','','','','incorrect','','','','','',-1,'',-1,-1,-1,-1,'','','',-1,'','','7d643078_d164_4205_a879_6252d0de1418','38df45a1_fed0_48b5_a367_e42770fc619c','','a54fa1b0_9805_4891_b347_4c273012977a'),
    (0,'881e44dc_6631_4937_933c_3e9fc1cc1deb','Mozilla/5.0 (Windows NT 6.1) AppleWebKit/537.36 (KHTML, like Gecko) Chrome/27.0.1453.110 Safari/537.36','server','save_problem_check','147.32.84.59','x_module','','2013-06-12T09:19:41.439185','Radim','0:00:00','','','Medicine-HRP258','',-1,-1,'i4x-Medicine-HRP258-problem-44c1ef4e92f648b08adbdcd61d64d558_2_1','','','',-1,'','','','',-1,'','',-1,-1,'','','','','','','','','','','incorrect','','','','','',-1,'',-1,-1,-1,-1,'','','',-1,'','','e3763e02_8db2_4ff0_90a0_81c19f8080a5','0051166f_b380_41e7_a1f7_a88793fb3302','','a54fa1b0_9805_4891_b347_4c273012977a'),
    (0,'881e44dc_6631_4937_933c_3e9fc1cc1deb','Mozilla/5.0 (Windows NT 6.1) AppleWebKit/537.36 (KHTML, like Gecko) Chrome/27.0.1453.110 Safari/537.36','server','save_problem_check','147.32.84.59','x_module','','2013-06-12T09:19:41.439185','Radim','0:00:00','','','Medicine-HRP258','',-1,-1,'i4x-Medicine-HRP258-problem-44c1ef4e92f648b08adbdcd61d64d558_9_1','','','',-1,'','','','',-1,'','',-1,-1,'','','','','','','','','','','incorrect','','','','','',-1,'',-1,-1,-1,-1,'','','',-1,'','','eb4df0cb_a8fe_41ca_9da0_2eb1aa780610','125a6145_21c7_44bb_9745_6010e56bf082','','a54fa1b0_9805_4891_b347_4c273012977a'),
    (0,'881e44dc_6631_4937_933c_3e9fc1cc1deb','Mozilla/5.0 (Windows NT 6.1) AppleWebKit/537.36 (KHTML, like Gecko) Chrome/27.0.1453.110 Safari/537.36','server','save_problem_check','147.32.84.59','x_module','','2013-06-12T09:19:41.439185','Radim','0:00:00','','','Medicine-HRP258','',-1,-1,'i4x-Medicine-HRP258-problem-44c1ef4e92f648b08adbdcd61d64d558_14_1','','','',-1,'','','','',-1,'','',-1,-1,'','','','','','','','','','','incorrect','','','','','',-1,'',-1,-1,-1,-1,'','','',-1,'','','3b724a38_c673_4356_9add_f72b4bd6ca16','5d109140_a811_49b1_922d_432c9a0508a3','','a54fa1b0_9805_4891_b347_4c273012977a'),
    (0,'881e44dc_6631_4937_933c_3e9fc1cc1deb','Mozilla/5.0 (Windows NT 6.1) AppleWebKit/537.36 (KHTML, like Gecko) Chrome/27.0.1453.110 Safari/537.36','server','save_problem_check','147.32.84.59','x_module','','2013-06-12T09:19:41.439185','Radim','0:00:00','','','Medicine-HRP258','',-1,-1,'i4x-Medicine-HRP258-problem-44c1ef4e92f648b08adbdcd61d64d558_13_1','','','',-1,'','','','',-1,'','',-1,-1,'','','','','','','','','','','incorrect','','','','','',-1,'',-1,-1,-1,-1,'','','',-1,'','','d7e29267_0363_45b8_b755_6edd96100620','811f3011_669c_432e_b5b6_183f4ca9f2c5','','a54fa1b0_9805_4891_b347_4c273012977a'),
    (0,'881e44dc_6631_4937_933c_3e9fc1cc1deb','Mozilla/5.0 (Windows NT 6.1) AppleWebKit/537.36 (KHTML, like Gecko) Chrome/27.0.1453.110 Safari/537.36','server','save_problem_check','147.32.84.59','x_module','','2013-06-12T09:19:41.439185','Radim','0:00:00','','','Medicine-HRP258','',-1,-1,'i4x-Medicine-HRP258-problem-44c1ef4e92f648b08adbdcd61d64d558_5_1','','','',-1,'','','','',-1,'','',-1,-1,'','','','','','','','','','','incorrect','','','','','',-1,'',-1,-1,-1,-1,'','','',-1,'','','71c20371_be29_4f32_a989_d9c2dbf01565','cc2c9017_b226_486b_ab86_d0e38562a0ad','','a54fa1b0_9805_4891_b347_4c273012977a'),
    (0,'881e44dc_6631_4937_933c_3e9fc1cc1deb','Mozilla/5.0 (Windows NT 6.1) AppleWebKit/537.36 (KHTML, like Gecko) Chrome/27.0.1453.110 Safari/537.36','server','save_problem_check','147.32.84.59','x_module','','2013-06-12T09:19:41.439185','Radim','0:00:00','','','Medicine-HRP258','',-1,-1,'i4x-Medicine-HRP258-problem-44c1ef4e92f648b08adbdcd61d64d558_10_1','','','',-1,'','','','',-1,'','',-1,-1,'','','','','','','','','','','incorrect','','','','','',-1,'',-1,-1,-1,-1,'','','',-1,'','','e04b4374_155f_4c20_b317_098af356354d','b762d729_0b64_4e0a_a9c8_fbd97074b31d','','a54fa1b0_9805_4891_b347_4c273012977a'),
    (0,'881e44dc_6631_4937_933c_3e9fc1cc1deb','Mozilla/5.0 (Windows NT 6.1) AppleWebKit/537.36 (KHTML, like Gecko) Chrome/27.0.1453.110 Safari/537.36','server','save_problem_check','147.32.84.59','x_module','','2013-06-12T09:19:41.439185','Radim','0:00:00','','','Medicine-HRP258','',-1,-1,'i4x-Medicine-HRP258-problem-44c1ef4e92f648b08adbdcd61d64d558_19_1','','','',-1,'','','','',-1,'','',-1,-1,'','','','','','','','','','','incorrect','','','','','',-1,'',-1,-1,-1,-1,'','','',-1,'','','d401cc55_1201_4d51_8b62_a1a7418436b4','62ee75a1_1378_4afd_ac95_68a45d486a04','','a54fa1b0_9805_4891_b347_4c273012977a'),
    (0,'881e44dc_6631_4937_933c_3e9fc1cc1deb','Mozilla/5.0 (Windows NT 6.1) AppleWebKit/537.36 (KHTML, like Gecko) Chrome/27.0.1453.110 Safari/537.36','server','save_problem_check','147.32.84.59','x_module','','2013-06-12T09:19:41.439185','Radim','0:00:00','','','Medicine-HRP258','',-1,-1,'i4x-Medicine-HRP258-problem-44c1ef4e92f648b08adbdcd61d64d558_8_1','','','',-1,'','','','',-1,'','',-1,-1,'','','','','','','','','','','incorrect','','','','','',-1,'',-1,-1,-1,-1,'','','',-1,'','','37b426e2_f8e1_4b00_b006_40c84e95a5d4','60062136_5527_413c_8021_72e542818d20','','a54fa1b0_9805_4891_b347_4c273012977a'),
    (0,'881e44dc_6631_4937_933c_3e9fc1cc1deb','Mozilla/5.0 (Windows NT 6.1) AppleWebKit/537.36 (KHTML, like Gecko) Chrome/27.0.1453.110 Safari/537.36','server','save_problem_check','147.32.84.59','x_module','','2013-06-12T09:19:41.439185','Radim','0:00:00','','','Medicine-HRP258','',-1,-1,'i4x-Medicine-HRP258-problem-44c1ef4e92f648b08adbdcd61d64d558_15_1','','','',-1,'','','','',-1,'','',-1,-1,'','','','','','','','','','','incorrect','','','','','',-1,'',-1,-1,-1,-1,'','','',-1,'','','b4915ba1_4539_4ade_aead_f08c060d1621','969d0e51_ac12_41d8_9504_66602d69d5a0','','a54fa1b0_9805_4891_b347_4c273012977a'),
    (0,'881e44dc_6631_4937_933c_3e9fc1cc1deb','Mozilla/5.0 (Windows NT 6.1) AppleWebKit/537.36 (KHTML, like Gecko) Chrome/27.0.1453.110 Safari/537.36','server','save_problem_check','147.32.84.59','x_module','','2013-06-12T09:19:41.439185','Radim','0:00:00','','','Medicine-HRP258','',-1,-1,'i4x-Medicine-HRP258-problem-44c1ef4e92f648b08adbdcd61d64d558_4_1','','','',-1,'','','','',-1,'','',-1,-1,'','','','','','','','','','','incorrect','','','','','',-1,'',-1,-1,-1,-1,'','','',-1,'','','43b78353_90ba_494b_bfaf_0160e464407d','1f612ff3_49b6_45a8_865a_1d4422ebcbce','','a54fa1b0_9805_4891_b347_4c273012977a'),
    (0,'881e44dc_6631_4937_933c_3e9fc1cc1deb','Mozilla/5.0 (Windows NT 6.1) AppleWebKit/537.36 (KHTML, like Gecko) Chrome/27.0.1453.110 Safari/537.36','server','save_problem_check','147.32.84.59','x_module','','2013-06-12T09:19:41.439185','Radim','0:00:00','','','Medicine-HRP258','',-1,-1,'i4x-Medicine-HRP258-problem-44c1ef4e92f648b08adbdcd61d64d558_11_1','','','',-1,'','','','',-1,'','',-1,-1,'','','','','','','','','','','incorrect','','','','','',-1,'',-1,-1,-1,-1,'','','',-1,'','','92dc820b_c1c5_47f9_8a78_db38f7ff31b0','d6aad1bf_866a_40c2_afc1_38017608f083','','a54fa1b0_9805_4891_b347_4c273012977a'),
    (0,'881e44dc_6631_4937_933c_3e9fc1cc1deb','Mozilla/5.0 (Windows NT 6.1) AppleWebKit/537.36 (KHTML, like Gecko) Chrome/27.0.1453.110 Safari/537.36','server','save_problem_check','147.32.84.59','x_module','','2013-06-12T09:19:41.439185','Radim','0:00:00','','','Medicine-HRP258','',-1,-1,'i4x-Medicine-HRP258-problem-44c1ef4e92f648b08adbdcd61d64d558_18_1','','','',-1,'','','','',-1,'','',-1,-1,'','','','','','','','','','','incorrect','','','','','',-1,'',-1,-1,-1,-1,'','','',-1,'','','ec563b11_9cbf_40a9_ad1b_bcda3ddeb705','fb1a39eb_3204_4d24_983b_ad35f0a47b4d','','a54fa1b0_9805_4891_b347_4c273012977a'),
    (0,'881e44dc_6631_4937_933c_3e9fc1cc1deb','Mozilla/5.0 (Windows NT 6.1) AppleWebKit/537.36 (KHTML, like Gecko) Chrome/27.0.1453.110 Safari/537.36','server','save_problem_check','147.32.84.59','x_module','','2013-06-12T09:19:41.439185','Radim','0:00:00','','','Medicine-HRP258','',-1,-1,'i4x-Medicine-HRP258-problem-44c1ef4e92f648b08adbdcd61d64d558_7_1','','','',-1,'','','','',-1,'','',-1,-1,'','','','','','','','','','','incorrect','','','','','',-1,'',-1,-1,-1,-1,'','','',-1,'','','4d5da654_bcd6_4077_8008_e1071b31bb66','cb2682d5_ac7c_455d_aa77_b8eb039bef35','','a54fa1b0_9805_4891_b347_4c273012977a'),
    (0,'881e44dc_6631_4937_933c_3e9fc1cc1deb','Mozilla/5.0 (Windows NT 6.1) AppleWebKit/537.36 (KHTML, like Gecko) Chrome/27.0.1453.110 Safari/537.36','server','save_problem_check','147.32.84.59','x_module','','2013-06-12T09:19:41.439185','Radim','0:00:00','','','Medicine-HRP258','',-1,-1,'i4x-Medicine-HRP258-problem-44c1ef4e92f648b08adbdcd61d64d558_7_1','','','',-1,'','','','',-1,'','',-1,-1,'','','','','','','','','','','incorrect','','','','','',-1,'',-1,-1,-1,-1,'','','',-1,'','','4d5da654_bcd6_4077_8008_e1071b31bb66','cb2682d5_ac7c_455d_aa77_b8eb039bef35','','a54fa1b0_9805_4891_b347_4c273012977a');
COMMIT;
SET foreign_key_checks=1;
SET unique_checks=1;
