USE test;
SET foreign_key_checks = 0;
DROP TABLE IF EXISTS EdxTrackEvent, Answer, InputState, CorrectMap, State, Account, LoadInfo;
SET foreign_key_checks = 1;
CREATE TABLE IF NOT EXISTS Answer (
    answer_id VARCHAR(40) NOT NULL PRIMARY KEY,
    problem_id TEXT,
    answer TEXT,
    course_id TEXT
    );
CREATE TABLE IF NOT EXISTS CorrectMap (
    correct_map_id VARCHAR(40) NOT NULL PRIMARY KEY,
    answer_identifier TEXT,
    correctness TINYTEXT,
    npoints INT,
    msg TEXT,
    hint TEXT,
    hintmode TINYTEXT,
    queuestate TEXT
    );
CREATE TABLE IF NOT EXISTS InputState (
    input_state_id VARCHAR(40) NOT NULL PRIMARY KEY,
    problem_id TEXT,
    state TEXT
    );
CREATE TABLE IF NOT EXISTS State (
    state_id VARCHAR(40) NOT NULL PRIMARY KEY,
    seed TINYINT,
    done BOOL,
    problem_id TEXT,
    student_answer VARCHAR(40),
    correct_map VARCHAR(40),
    input_state VARCHAR(40),
    FOREIGN KEY(student_answer) REFERENCES Answer(answer_id),
    FOREIGN KEY(correct_map) REFERENCES CorrectMap(correct_map_id),
    FOREIGN KEY(input_state) REFERENCES InputState(input_state_id)
    );
CREATE TABLE IF NOT EXISTS Account (
    account_id VARCHAR(40) NOT NULL PRIMARY KEY,
    username TEXT,
    name TEXT,
    mailing_address TEXT,
    zipCode TINYTEXT,
    country TINYTEXT,
    gender TINYTEXT,
    year_of_birth TINYINT,
    level_of_education TINYTEXT,
    goals TEXT,
    honor_code BOOL,
    terms_of_service BOOL,
    course_id TEXT,
    enrollment_action TINYTEXT,
    email TEXT,
    receive_emails TINYTEXT
    );
CREATE TABLE IF NOT EXISTS LoadInfo (
    load_info_id INT NOT NULL PRIMARY KEY,
    load_date_time DATETIME,
    load_file TEXT
    );
CREATE TABLE IF NOT EXISTS EdxTrackEvent (
    _id BIGINT NOT NULL PRIMARY KEY AUTO_INCREMENT,
    event_id VARCHAR(40),
    agent TEXT,
    event_source TINYTEXT,
    event_type TEXT,
    ip TINYTEXT,
    page TEXT,
    session TEXT,
    time DATETIME,
    username TEXT,
    downtime_for DATETIME,
    student_id TEXT,
    instructor_id TEXT,
    course_id TEXT,
    sequence_id TEXT,
    goto_from INT,
    goto_dest INT,
    problem_id TEXT,
    problem_choice TEXT,
    question_location TEXT,
    submission_id TEXT,
    attempts TINYINT,
    long_answer TEXT,
    student_file TEXT,
    can_upload_file TINYTEXT,
    feedback TEXT,
    feedback_response_selected TINYINT,
    transcript_id TEXT,
    transcript_code TINYTEXT,
    rubric_selection INT,
    rubric_category INT,
    video_id TEXT,
    video_code TEXT,
    video_current_time TINYTEXT,
    video_speed TINYTEXT,
    video_old_time TINYTEXT,
    video_new_time TINYTEXT,
    video_seek_type TINYTEXT,
    video_new_speed TINYTEXT,
    video_old_speed TINYTEXT,
    book_interaction_type TINYTEXT,
    success TINYTEXT,
    answer_id TEXT,
    hint TEXT,
    hintmode TINYTEXT,
    correctness TINYTEXT,
    msg TEXT,
    npoints TINYINT,
    queuestate TEXT,
    orig_score INT,
    new_score INT,
    orig_total INT,
    new_total INT,
    event_name TINYTEXT,
    group_user TINYTEXT,
    group_action TINYTEXT,
    position INT,
    badly_formatted TEXT,
    correctMap_fk VARCHAR(40),
    answer_fk VARCHAR(40),
    state_fk VARCHAR(40),
    account_fk VARCHAR(40),
    load_info_fk INT,
    FOREIGN KEY(correctMap_fk) REFERENCES CorrectMap(correct_map_id),
    FOREIGN KEY(answer_fk) REFERENCES Answer(answer_id),
    FOREIGN KEY(state_fk) REFERENCES State(state_id),
    FOREIGN KEY(account_fk) REFERENCES Account(account_id),
    FOREIGN KEY(load_info_fk) REFERENCES LoadInfo(load_info_id)
    );
SET foreign_key_checks=0;
SET unique_checks=0;
SET autocommit=0;
INSERT INTO LoadInfo (load_info_id,load_date_time,load_file) VALUES 
    ('85eef9ea_6ed7_4544_bab1_526404e5589e','2013110703261383823616','file:///home/paepcke/EclipseWorkspaces/json_to_relation/json_to_relation/test/data/saveProblemCheck.json');
INSERT INTO Answer (answer_id,problem_id,answer,course_id) VALUES 
    ('13ac57fc_14db_4e42_8d12_e63618741f2e','i4x-Medicine-HRP258-problem-44c1ef4e92f648b08adbdcd61d64d558_16_1','66.3','Medicine-HRP258'),
    ('c8c2c4ad_70bd_4993_968f_86da7d97aba8','i4x-Medicine-HRP258-problem-44c1ef4e92f648b08adbdcd61d64d558_3_1','1.58','Medicine-HRP258'),
    ('00b49d27_ef01_40c3_ab5a_ebe7d0332d0e','i4x-Medicine-HRP258-problem-44c1ef4e92f648b08adbdcd61d64d558_12_1','Binary','Medicine-HRP258'),
    ('e7dc2c65_f3a6_453c_aab1_b7e907009bb7','i4x-Medicine-HRP258-problem-44c1ef4e92f648b08adbdcd61d64d558_6_1','choice_2','Medicine-HRP258'),
    ('966d0697_1ef4_4702_b654_eaeefa19cf39','i4x-Medicine-HRP258-problem-44c1ef4e92f648b08adbdcd61d64d558_17_1','73.9','Medicine-HRP258'),
    ('34e9b711_c16d_4617_a9ce_02b5ed16b019','i4x-Medicine-HRP258-problem-44c1ef4e92f648b08adbdcd61d64d558_2_1','13.4','Medicine-HRP258'),
    ('d4d5c7df_1edc_45e5_b394_d0c1b45e6de2','i4x-Medicine-HRP258-problem-44c1ef4e92f648b08adbdcd61d64d558_9_1','53','Medicine-HRP258'),
    ('688b2e56_50ed_4c44_93bf_112ca992af23','i4x-Medicine-HRP258-problem-44c1ef4e92f648b08adbdcd61d64d558_14_1','choice_3','Medicine-HRP258'),
    ('c98aac57_459b_4427_a704_b700fe4faf27','i4x-Medicine-HRP258-problem-44c1ef4e92f648b08adbdcd61d64d558_13_1','choice_0','Medicine-HRP258'),
    ('a9dad3e0_83d3_40ea_9b3d_647b787925f6','i4x-Medicine-HRP258-problem-44c1ef4e92f648b08adbdcd61d64d558_5_1','3','Medicine-HRP258'),
    ('b75a4cb2_b7bf_47be_b494_8accbb82dd0b','i4x-Medicine-HRP258-problem-44c1ef4e92f648b08adbdcd61d64d558_10_1','1','Medicine-HRP258'),
    ('1ba77831_b377_4892_96a9_11cfcf8d36b5','i4x-Medicine-HRP258-problem-44c1ef4e92f648b08adbdcd61d64d558_19_1','choice_2','Medicine-HRP258'),
    ('0a03932c_6e92_46dd_8b46_5c2a8b22c6b7','i4x-Medicine-HRP258-problem-44c1ef4e92f648b08adbdcd61d64d558_8_1','0.25','Medicine-HRP258'),
    ('c66d009e_ff27_42d3_8924_2414c4c5f5a9','i4x-Medicine-HRP258-problem-44c1ef4e92f648b08adbdcd61d64d558_15_1','81','Medicine-HRP258'),
    ('f8ce6aa5_f491_4042_ba52_79422f050413','i4x-Medicine-HRP258-problem-44c1ef4e92f648b08adbdcd61d64d558_4_1','14','Medicine-HRP258'),
    ('036d97b1_b6f0_4490_8385_ea6ae314cf44','i4x-Medicine-HRP258-problem-44c1ef4e92f648b08adbdcd61d64d558_11_1','Nominal','Medicine-HRP258'),
    ('bc021d7e_0bf7_44c3_b9f5_664832ecfc16','i4x-Medicine-HRP258-problem-44c1ef4e92f648b08adbdcd61d64d558_18_1','20','Medicine-HRP258'),
    ('6fd01891_0b64_477e_9078_b979333edf5d','i4x-Medicine-HRP258-problem-44c1ef4e92f648b08adbdcd61d64d558_7_1','0.47','Medicine-HRP258'),
    ('212e9be9_df45_4cf7_90d1_eb508c5fb83e','i4x-Medicine-HRP258-problem-44c1ef4e92f648b08adbdcd61d64d558_16_1','66.3','Medicine-HRP258'),
    ('d8d4d1cb_0fdc_4ced_ae96_cd342722187a','i4x-Medicine-HRP258-problem-44c1ef4e92f648b08adbdcd61d64d558_3_1','1.58','Medicine-HRP258'),
    ('b8fff3a5_4529_47ad_9ab4_8088837516ea','i4x-Medicine-HRP258-problem-44c1ef4e92f648b08adbdcd61d64d558_12_1','Binary','Medicine-HRP258'),
    ('3053d6ea_3c94_4184_98d5_74764c1ce4c0','i4x-Medicine-HRP258-problem-44c1ef4e92f648b08adbdcd61d64d558_6_1','choice_2','Medicine-HRP258'),
    ('537dae53_3a7c_4f05_8cd1_9931cc271bc3','i4x-Medicine-HRP258-problem-44c1ef4e92f648b08adbdcd61d64d558_17_1','73.9','Medicine-HRP258'),
    ('0ee9fcb2_07cb_4485_bc3e_bf99acbc90c7','i4x-Medicine-HRP258-problem-44c1ef4e92f648b08adbdcd61d64d558_2_1','13.4','Medicine-HRP258'),
    ('7eb47b3c_92d9_4cea_950f_70072a812938','i4x-Medicine-HRP258-problem-44c1ef4e92f648b08adbdcd61d64d558_9_1','53','Medicine-HRP258'),
    ('fc618b05_7011_4553_8e03_dbc087841640','i4x-Medicine-HRP258-problem-44c1ef4e92f648b08adbdcd61d64d558_14_1','choice_3','Medicine-HRP258'),
    ('50f67bb5_b19b_492f_86af_990675064687','i4x-Medicine-HRP258-problem-44c1ef4e92f648b08adbdcd61d64d558_13_1','choice_0','Medicine-HRP258'),
    ('cca3d536_46fe_4d58_a83e_ce0062fc629e','i4x-Medicine-HRP258-problem-44c1ef4e92f648b08adbdcd61d64d558_5_1','3','Medicine-HRP258'),
    ('acb96ce7_16e6_4a95_ae0b_e22962c24931','i4x-Medicine-HRP258-problem-44c1ef4e92f648b08adbdcd61d64d558_10_1','1','Medicine-HRP258'),
    ('45bb2b11_a2a8_41f3_8e2c_bdcb278171f3','i4x-Medicine-HRP258-problem-44c1ef4e92f648b08adbdcd61d64d558_19_1','choice_2','Medicine-HRP258'),
    ('77703973_4364_4d16_8813_d8ec26dc7ac8','i4x-Medicine-HRP258-problem-44c1ef4e92f648b08adbdcd61d64d558_8_1','0.25','Medicine-HRP258'),
    ('6f9fd42a_88f4_4267_be8b_5bd201570c3d','i4x-Medicine-HRP258-problem-44c1ef4e92f648b08adbdcd61d64d558_15_1','81','Medicine-HRP258'),
    ('604b21ea_c62b_42b3_83e3_ad21ef2f156f','i4x-Medicine-HRP258-problem-44c1ef4e92f648b08adbdcd61d64d558_4_1','14','Medicine-HRP258'),
    ('8427043a_235a_481c_90fc_6c6e7ada7a35','i4x-Medicine-HRP258-problem-44c1ef4e92f648b08adbdcd61d64d558_11_1','Nominal','Medicine-HRP258'),
    ('6cfd5098_7ab2_4783_9081_d67be6b64bac','i4x-Medicine-HRP258-problem-44c1ef4e92f648b08adbdcd61d64d558_18_1','20','Medicine-HRP258'),
    ('7f32ff66_a48a_44f5_bdef_7c966e7749ed','i4x-Medicine-HRP258-problem-44c1ef4e92f648b08adbdcd61d64d558_7_1','0.47','Medicine-HRP258');
INSERT INTO InputState (input_state_id,problem_id,state) VALUES 
    ('79092b0f_364d_42fb_8d6c_b84bde805e99','i4x-Medicine-HRP258-problem-44c1ef4e92f648b08adbdcd61d64d558_16_1',null),
    ('d6bef47f_e55b_4a30_b646_d75855326205','i4x-Medicine-HRP258-problem-44c1ef4e92f648b08adbdcd61d64d558_3_1',null),
    ('e7bc6c19_b899_4612_b3ed_aaaecd731e81','i4x-Medicine-HRP258-problem-44c1ef4e92f648b08adbdcd61d64d558_12_1',null),
    ('a1a5dbb0_3aac_4dbd_affe_bb3d4c009626','i4x-Medicine-HRP258-problem-44c1ef4e92f648b08adbdcd61d64d558_6_1',null),
    ('ca4826f3_9eef_44ff_83c0_5ae2740a546d','i4x-Medicine-HRP258-problem-44c1ef4e92f648b08adbdcd61d64d558_17_1',null),
    ('196a7f8f_a5cc_4fa7_b700_3d5a08766cd6','i4x-Medicine-HRP258-problem-44c1ef4e92f648b08adbdcd61d64d558_2_1',null),
    ('e2cb3dab_ec74_4e39_9a32_cb6ade331d8b','i4x-Medicine-HRP258-problem-44c1ef4e92f648b08adbdcd61d64d558_9_1',null),
    ('5080e328_a0d2_40f8_b355_916e909b7b75','i4x-Medicine-HRP258-problem-44c1ef4e92f648b08adbdcd61d64d558_14_1',null),
    ('b1a76d31_bbe9_4b32_9754_31f79e323de5','i4x-Medicine-HRP258-problem-44c1ef4e92f648b08adbdcd61d64d558_13_1',null),
    ('649ee8f2_16be_4111_8285_cf087f544784','i4x-Medicine-HRP258-problem-44c1ef4e92f648b08adbdcd61d64d558_5_1',null),
    ('b12315e9_44c1_4604_bd32_d19cc60d496c','i4x-Medicine-HRP258-problem-44c1ef4e92f648b08adbdcd61d64d558_10_1',null),
    ('2c0ab31f_8917_4a14_91f9_58f6e13a9f75','i4x-Medicine-HRP258-problem-44c1ef4e92f648b08adbdcd61d64d558_19_1',null),
    ('838908ea_3aed_4f96_84d0_7f4f6a328969','i4x-Medicine-HRP258-problem-44c1ef4e92f648b08adbdcd61d64d558_8_1',null),
    ('b1830d74_5e3b_48b2_8531_03a5d562c8f9','i4x-Medicine-HRP258-problem-44c1ef4e92f648b08adbdcd61d64d558_15_1',null),
    ('7d6d1727_fb98_46f4_bae7_8b9a43328323','i4x-Medicine-HRP258-problem-44c1ef4e92f648b08adbdcd61d64d558_4_1',null),
    ('4f346de7_f648_4c76_b7d5_0f08a887a9db','i4x-Medicine-HRP258-problem-44c1ef4e92f648b08adbdcd61d64d558_11_1',null),
    ('7e45e464_154a_400e_96ec_26b5a321b085','i4x-Medicine-HRP258-problem-44c1ef4e92f648b08adbdcd61d64d558_18_1',null),
    ('bc402ed8_f16f_42f4_bb38_ac10d55f554a','i4x-Medicine-HRP258-problem-44c1ef4e92f648b08adbdcd61d64d558_7_1',null);
INSERT INTO State (state_id,seed,done,problem_id,student_answer,correct_map,input_state) VALUES 
    ('e9ea5925_57a9_46f8_89b6_88f8a1a25438',1,null,null,'212e9be9_df45_4cf7_90d1_eb508c5fb83e',null,'79092b0f_364d_42fb_8d6c_b84bde805e99'),
    ('d1492b09_31e8_4d23_81fc_ea191f87b603',1,null,null,'d8d4d1cb_0fdc_4ced_ae96_cd342722187a',null,'d6bef47f_e55b_4a30_b646_d75855326205'),
    ('76dfbdea_d710_42e9_8b79_fd25d89198b0',1,null,null,'b8fff3a5_4529_47ad_9ab4_8088837516ea',null,'e7bc6c19_b899_4612_b3ed_aaaecd731e81'),
    ('15ab8f42_4cae_4532_aff1_5c5c1df36c7c',1,null,null,'3053d6ea_3c94_4184_98d5_74764c1ce4c0',null,'a1a5dbb0_3aac_4dbd_affe_bb3d4c009626'),
    ('e5bf3886_85d0_4f8e_ab06_cdc73dff4843',1,null,null,'537dae53_3a7c_4f05_8cd1_9931cc271bc3',null,'ca4826f3_9eef_44ff_83c0_5ae2740a546d'),
    ('1a20580e_e847_4efb_81a6_f7a842e99eaa',1,null,null,'0ee9fcb2_07cb_4485_bc3e_bf99acbc90c7',null,'196a7f8f_a5cc_4fa7_b700_3d5a08766cd6'),
    ('aa61cb7b_b93d_4723_89bd_7c75c8505ce6',1,null,null,'7eb47b3c_92d9_4cea_950f_70072a812938',null,'e2cb3dab_ec74_4e39_9a32_cb6ade331d8b'),
    ('c1368579_24bf_47da_8ab8_9e68d1a9b675',1,null,null,'fc618b05_7011_4553_8e03_dbc087841640',null,'5080e328_a0d2_40f8_b355_916e909b7b75'),
    ('3a12e6a0_fb38_44cf_9e0f_3d7bc935e869',1,null,null,'50f67bb5_b19b_492f_86af_990675064687',null,'b1a76d31_bbe9_4b32_9754_31f79e323de5'),
    ('fb861031_7f4a_4859_92f0_9edcbee17496',1,null,null,'cca3d536_46fe_4d58_a83e_ce0062fc629e',null,'649ee8f2_16be_4111_8285_cf087f544784'),
    ('ee2df93f_6c74_4112_9ff4_58f1202a69cc',1,null,null,'acb96ce7_16e6_4a95_ae0b_e22962c24931',null,'b12315e9_44c1_4604_bd32_d19cc60d496c'),
    ('0f613b64_d596_4713_ad1c_4a551cd4cda0',1,null,null,'45bb2b11_a2a8_41f3_8e2c_bdcb278171f3',null,'2c0ab31f_8917_4a14_91f9_58f6e13a9f75'),
    ('39fbf574_3eea_42ac_ae1e_0c36938517fd',1,null,null,'77703973_4364_4d16_8813_d8ec26dc7ac8',null,'838908ea_3aed_4f96_84d0_7f4f6a328969'),
    ('ae2b21c6_4ebe_4b4b_bbfc_20f34125fba3',1,null,null,'6f9fd42a_88f4_4267_be8b_5bd201570c3d',null,'b1830d74_5e3b_48b2_8531_03a5d562c8f9'),
    ('e66a8317_dbe2_4223_b445_2a8e4901c40d',1,null,null,'604b21ea_c62b_42b3_83e3_ad21ef2f156f',null,'7d6d1727_fb98_46f4_bae7_8b9a43328323'),
    ('7f567cce_14f0_41dd_969f_82b021e81a58',1,null,null,'8427043a_235a_481c_90fc_6c6e7ada7a35',null,'4f346de7_f648_4c76_b7d5_0f08a887a9db'),
    ('e6fee8d0_4be0_4cb6_9eb3_b5994baaa87f',1,null,null,'6cfd5098_7ab2_4783_9081_d67be6b64bac',null,'7e45e464_154a_400e_96ec_26b5a321b085'),
    ('40d1c267_e838_48e9_bdaf_2405d1c80e71',1,null,null,'7f32ff66_a48a_44f5_bdef_7c966e7749ed',null,'bc402ed8_f16f_42f4_bb38_ac10d55f554a');
INSERT INTO EdxTrackEvent (_id,event_id,agent,event_source,event_type,ip,page,session,time,username,downtime_for,student_id,instructor_id,course_id,sequence_id,goto_from,goto_dest,problem_id,problem_choice,question_location,submission_id,attempts,long_answer,student_file,can_upload_file,feedback,feedback_response_selected,transcript_id,transcript_code,rubric_selection,rubric_category,video_id,video_code,video_current_time,video_speed,video_old_time,video_new_time,video_seek_type,video_new_speed,video_old_speed,book_interaction_type,success,answer_id,hint,hintmode,correctness,msg,npoints,queuestate,orig_score,new_score,orig_total,new_total,event_name,group_user,group_action,position,badly_formatted,correctMap_fk,answer_fk,state_fk,account_fk,load_info_fk) VALUES 
    (null,'01ab2383_0753_42c9_99eb_e076c71afb0c','Mozilla/5.0 (Windows NT 6.1) AppleWebKit/537.36 (KHTML, like Gecko) Chrome/27.0.1453.110 Safari/537.36','server','save_problem_check','147.32.84.59','x_module',null,'2013-06-12T09:19:41.439185','Radim','0:00:00',null,null,'Medicine-HRP258',null,null,null,'i4x-Medicine-HRP258-problem-44c1ef4e92f648b08adbdcd61d64d558_16_1',null,null,null,null,null,null,null,null,null,null,null,null,null,null,null,null,null,null,null,null,null,null,null,'incorrect',null,null,null,null,null,null,null,null,null,null,null,null,null,null,null,null,null,'13ac57fc_14db_4e42_8d12_e63618741f2e','e9ea5925_57a9_46f8_89b6_88f8a1a25438',null,'85eef9ea_6ed7_4544_bab1_526404e5589e'),
    (null,'01ab2383_0753_42c9_99eb_e076c71afb0c','Mozilla/5.0 (Windows NT 6.1) AppleWebKit/537.36 (KHTML, like Gecko) Chrome/27.0.1453.110 Safari/537.36','server','save_problem_check','147.32.84.59','x_module',null,'2013-06-12T09:19:41.439185','Radim','0:00:00',null,null,'Medicine-HRP258',null,null,null,'i4x-Medicine-HRP258-problem-44c1ef4e92f648b08adbdcd61d64d558_3_1',null,null,null,null,null,null,null,null,null,null,null,null,null,null,null,null,null,null,null,null,null,null,null,'incorrect',null,null,null,null,null,null,null,null,null,null,null,null,null,null,null,null,null,'c8c2c4ad_70bd_4993_968f_86da7d97aba8','d1492b09_31e8_4d23_81fc_ea191f87b603',null,'85eef9ea_6ed7_4544_bab1_526404e5589e'),
    (null,'01ab2383_0753_42c9_99eb_e076c71afb0c','Mozilla/5.0 (Windows NT 6.1) AppleWebKit/537.36 (KHTML, like Gecko) Chrome/27.0.1453.110 Safari/537.36','server','save_problem_check','147.32.84.59','x_module',null,'2013-06-12T09:19:41.439185','Radim','0:00:00',null,null,'Medicine-HRP258',null,null,null,'i4x-Medicine-HRP258-problem-44c1ef4e92f648b08adbdcd61d64d558_12_1',null,null,null,null,null,null,null,null,null,null,null,null,null,null,null,null,null,null,null,null,null,null,null,'incorrect',null,null,null,null,null,null,null,null,null,null,null,null,null,null,null,null,null,'00b49d27_ef01_40c3_ab5a_ebe7d0332d0e','76dfbdea_d710_42e9_8b79_fd25d89198b0',null,'85eef9ea_6ed7_4544_bab1_526404e5589e'),
    (null,'01ab2383_0753_42c9_99eb_e076c71afb0c','Mozilla/5.0 (Windows NT 6.1) AppleWebKit/537.36 (KHTML, like Gecko) Chrome/27.0.1453.110 Safari/537.36','server','save_problem_check','147.32.84.59','x_module',null,'2013-06-12T09:19:41.439185','Radim','0:00:00',null,null,'Medicine-HRP258',null,null,null,'i4x-Medicine-HRP258-problem-44c1ef4e92f648b08adbdcd61d64d558_6_1',null,null,null,null,null,null,null,null,null,null,null,null,null,null,null,null,null,null,null,null,null,null,null,'incorrect',null,null,null,null,null,null,null,null,null,null,null,null,null,null,null,null,null,'e7dc2c65_f3a6_453c_aab1_b7e907009bb7','15ab8f42_4cae_4532_aff1_5c5c1df36c7c',null,'85eef9ea_6ed7_4544_bab1_526404e5589e'),
    (null,'01ab2383_0753_42c9_99eb_e076c71afb0c','Mozilla/5.0 (Windows NT 6.1) AppleWebKit/537.36 (KHTML, like Gecko) Chrome/27.0.1453.110 Safari/537.36','server','save_problem_check','147.32.84.59','x_module',null,'2013-06-12T09:19:41.439185','Radim','0:00:00',null,null,'Medicine-HRP258',null,null,null,'i4x-Medicine-HRP258-problem-44c1ef4e92f648b08adbdcd61d64d558_17_1',null,null,null,null,null,null,null,null,null,null,null,null,null,null,null,null,null,null,null,null,null,null,null,'incorrect',null,null,null,null,null,null,null,null,null,null,null,null,null,null,null,null,null,'966d0697_1ef4_4702_b654_eaeefa19cf39','e5bf3886_85d0_4f8e_ab06_cdc73dff4843',null,'85eef9ea_6ed7_4544_bab1_526404e5589e'),
    (null,'01ab2383_0753_42c9_99eb_e076c71afb0c','Mozilla/5.0 (Windows NT 6.1) AppleWebKit/537.36 (KHTML, like Gecko) Chrome/27.0.1453.110 Safari/537.36','server','save_problem_check','147.32.84.59','x_module',null,'2013-06-12T09:19:41.439185','Radim','0:00:00',null,null,'Medicine-HRP258',null,null,null,'i4x-Medicine-HRP258-problem-44c1ef4e92f648b08adbdcd61d64d558_2_1',null,null,null,null,null,null,null,null,null,null,null,null,null,null,null,null,null,null,null,null,null,null,null,'incorrect',null,null,null,null,null,null,null,null,null,null,null,null,null,null,null,null,null,'34e9b711_c16d_4617_a9ce_02b5ed16b019','1a20580e_e847_4efb_81a6_f7a842e99eaa',null,'85eef9ea_6ed7_4544_bab1_526404e5589e'),
    (null,'01ab2383_0753_42c9_99eb_e076c71afb0c','Mozilla/5.0 (Windows NT 6.1) AppleWebKit/537.36 (KHTML, like Gecko) Chrome/27.0.1453.110 Safari/537.36','server','save_problem_check','147.32.84.59','x_module',null,'2013-06-12T09:19:41.439185','Radim','0:00:00',null,null,'Medicine-HRP258',null,null,null,'i4x-Medicine-HRP258-problem-44c1ef4e92f648b08adbdcd61d64d558_9_1',null,null,null,null,null,null,null,null,null,null,null,null,null,null,null,null,null,null,null,null,null,null,null,'incorrect',null,null,null,null,null,null,null,null,null,null,null,null,null,null,null,null,null,'d4d5c7df_1edc_45e5_b394_d0c1b45e6de2','aa61cb7b_b93d_4723_89bd_7c75c8505ce6',null,'85eef9ea_6ed7_4544_bab1_526404e5589e'),
    (null,'01ab2383_0753_42c9_99eb_e076c71afb0c','Mozilla/5.0 (Windows NT 6.1) AppleWebKit/537.36 (KHTML, like Gecko) Chrome/27.0.1453.110 Safari/537.36','server','save_problem_check','147.32.84.59','x_module',null,'2013-06-12T09:19:41.439185','Radim','0:00:00',null,null,'Medicine-HRP258',null,null,null,'i4x-Medicine-HRP258-problem-44c1ef4e92f648b08adbdcd61d64d558_14_1',null,null,null,null,null,null,null,null,null,null,null,null,null,null,null,null,null,null,null,null,null,null,null,'incorrect',null,null,null,null,null,null,null,null,null,null,null,null,null,null,null,null,null,'688b2e56_50ed_4c44_93bf_112ca992af23','c1368579_24bf_47da_8ab8_9e68d1a9b675',null,'85eef9ea_6ed7_4544_bab1_526404e5589e'),
    (null,'01ab2383_0753_42c9_99eb_e076c71afb0c','Mozilla/5.0 (Windows NT 6.1) AppleWebKit/537.36 (KHTML, like Gecko) Chrome/27.0.1453.110 Safari/537.36','server','save_problem_check','147.32.84.59','x_module',null,'2013-06-12T09:19:41.439185','Radim','0:00:00',null,null,'Medicine-HRP258',null,null,null,'i4x-Medicine-HRP258-problem-44c1ef4e92f648b08adbdcd61d64d558_13_1',null,null,null,null,null,null,null,null,null,null,null,null,null,null,null,null,null,null,null,null,null,null,null,'incorrect',null,null,null,null,null,null,null,null,null,null,null,null,null,null,null,null,null,'c98aac57_459b_4427_a704_b700fe4faf27','3a12e6a0_fb38_44cf_9e0f_3d7bc935e869',null,'85eef9ea_6ed7_4544_bab1_526404e5589e'),
    (null,'01ab2383_0753_42c9_99eb_e076c71afb0c','Mozilla/5.0 (Windows NT 6.1) AppleWebKit/537.36 (KHTML, like Gecko) Chrome/27.0.1453.110 Safari/537.36','server','save_problem_check','147.32.84.59','x_module',null,'2013-06-12T09:19:41.439185','Radim','0:00:00',null,null,'Medicine-HRP258',null,null,null,'i4x-Medicine-HRP258-problem-44c1ef4e92f648b08adbdcd61d64d558_5_1',null,null,null,null,null,null,null,null,null,null,null,null,null,null,null,null,null,null,null,null,null,null,null,'incorrect',null,null,null,null,null,null,null,null,null,null,null,null,null,null,null,null,null,'a9dad3e0_83d3_40ea_9b3d_647b787925f6','fb861031_7f4a_4859_92f0_9edcbee17496',null,'85eef9ea_6ed7_4544_bab1_526404e5589e'),
    (null,'01ab2383_0753_42c9_99eb_e076c71afb0c','Mozilla/5.0 (Windows NT 6.1) AppleWebKit/537.36 (KHTML, like Gecko) Chrome/27.0.1453.110 Safari/537.36','server','save_problem_check','147.32.84.59','x_module',null,'2013-06-12T09:19:41.439185','Radim','0:00:00',null,null,'Medicine-HRP258',null,null,null,'i4x-Medicine-HRP258-problem-44c1ef4e92f648b08adbdcd61d64d558_10_1',null,null,null,null,null,null,null,null,null,null,null,null,null,null,null,null,null,null,null,null,null,null,null,'incorrect',null,null,null,null,null,null,null,null,null,null,null,null,null,null,null,null,null,'b75a4cb2_b7bf_47be_b494_8accbb82dd0b','ee2df93f_6c74_4112_9ff4_58f1202a69cc',null,'85eef9ea_6ed7_4544_bab1_526404e5589e'),
    (null,'01ab2383_0753_42c9_99eb_e076c71afb0c','Mozilla/5.0 (Windows NT 6.1) AppleWebKit/537.36 (KHTML, like Gecko) Chrome/27.0.1453.110 Safari/537.36','server','save_problem_check','147.32.84.59','x_module',null,'2013-06-12T09:19:41.439185','Radim','0:00:00',null,null,'Medicine-HRP258',null,null,null,'i4x-Medicine-HRP258-problem-44c1ef4e92f648b08adbdcd61d64d558_19_1',null,null,null,null,null,null,null,null,null,null,null,null,null,null,null,null,null,null,null,null,null,null,null,'incorrect',null,null,null,null,null,null,null,null,null,null,null,null,null,null,null,null,null,'1ba77831_b377_4892_96a9_11cfcf8d36b5','0f613b64_d596_4713_ad1c_4a551cd4cda0',null,'85eef9ea_6ed7_4544_bab1_526404e5589e'),
    (null,'01ab2383_0753_42c9_99eb_e076c71afb0c','Mozilla/5.0 (Windows NT 6.1) AppleWebKit/537.36 (KHTML, like Gecko) Chrome/27.0.1453.110 Safari/537.36','server','save_problem_check','147.32.84.59','x_module',null,'2013-06-12T09:19:41.439185','Radim','0:00:00',null,null,'Medicine-HRP258',null,null,null,'i4x-Medicine-HRP258-problem-44c1ef4e92f648b08adbdcd61d64d558_8_1',null,null,null,null,null,null,null,null,null,null,null,null,null,null,null,null,null,null,null,null,null,null,null,'incorrect',null,null,null,null,null,null,null,null,null,null,null,null,null,null,null,null,null,'0a03932c_6e92_46dd_8b46_5c2a8b22c6b7','39fbf574_3eea_42ac_ae1e_0c36938517fd',null,'85eef9ea_6ed7_4544_bab1_526404e5589e'),
    (null,'01ab2383_0753_42c9_99eb_e076c71afb0c','Mozilla/5.0 (Windows NT 6.1) AppleWebKit/537.36 (KHTML, like Gecko) Chrome/27.0.1453.110 Safari/537.36','server','save_problem_check','147.32.84.59','x_module',null,'2013-06-12T09:19:41.439185','Radim','0:00:00',null,null,'Medicine-HRP258',null,null,null,'i4x-Medicine-HRP258-problem-44c1ef4e92f648b08adbdcd61d64d558_15_1',null,null,null,null,null,null,null,null,null,null,null,null,null,null,null,null,null,null,null,null,null,null,null,'incorrect',null,null,null,null,null,null,null,null,null,null,null,null,null,null,null,null,null,'c66d009e_ff27_42d3_8924_2414c4c5f5a9','ae2b21c6_4ebe_4b4b_bbfc_20f34125fba3',null,'85eef9ea_6ed7_4544_bab1_526404e5589e'),
    (null,'01ab2383_0753_42c9_99eb_e076c71afb0c','Mozilla/5.0 (Windows NT 6.1) AppleWebKit/537.36 (KHTML, like Gecko) Chrome/27.0.1453.110 Safari/537.36','server','save_problem_check','147.32.84.59','x_module',null,'2013-06-12T09:19:41.439185','Radim','0:00:00',null,null,'Medicine-HRP258',null,null,null,'i4x-Medicine-HRP258-problem-44c1ef4e92f648b08adbdcd61d64d558_4_1',null,null,null,null,null,null,null,null,null,null,null,null,null,null,null,null,null,null,null,null,null,null,null,'incorrect',null,null,null,null,null,null,null,null,null,null,null,null,null,null,null,null,null,'f8ce6aa5_f491_4042_ba52_79422f050413','e66a8317_dbe2_4223_b445_2a8e4901c40d',null,'85eef9ea_6ed7_4544_bab1_526404e5589e'),
    (null,'01ab2383_0753_42c9_99eb_e076c71afb0c','Mozilla/5.0 (Windows NT 6.1) AppleWebKit/537.36 (KHTML, like Gecko) Chrome/27.0.1453.110 Safari/537.36','server','save_problem_check','147.32.84.59','x_module',null,'2013-06-12T09:19:41.439185','Radim','0:00:00',null,null,'Medicine-HRP258',null,null,null,'i4x-Medicine-HRP258-problem-44c1ef4e92f648b08adbdcd61d64d558_11_1',null,null,null,null,null,null,null,null,null,null,null,null,null,null,null,null,null,null,null,null,null,null,null,'incorrect',null,null,null,null,null,null,null,null,null,null,null,null,null,null,null,null,null,'036d97b1_b6f0_4490_8385_ea6ae314cf44','7f567cce_14f0_41dd_969f_82b021e81a58',null,'85eef9ea_6ed7_4544_bab1_526404e5589e'),
    (null,'01ab2383_0753_42c9_99eb_e076c71afb0c','Mozilla/5.0 (Windows NT 6.1) AppleWebKit/537.36 (KHTML, like Gecko) Chrome/27.0.1453.110 Safari/537.36','server','save_problem_check','147.32.84.59','x_module',null,'2013-06-12T09:19:41.439185','Radim','0:00:00',null,null,'Medicine-HRP258',null,null,null,'i4x-Medicine-HRP258-problem-44c1ef4e92f648b08adbdcd61d64d558_18_1',null,null,null,null,null,null,null,null,null,null,null,null,null,null,null,null,null,null,null,null,null,null,null,'incorrect',null,null,null,null,null,null,null,null,null,null,null,null,null,null,null,null,null,'bc021d7e_0bf7_44c3_b9f5_664832ecfc16','e6fee8d0_4be0_4cb6_9eb3_b5994baaa87f',null,'85eef9ea_6ed7_4544_bab1_526404e5589e'),
    (null,'01ab2383_0753_42c9_99eb_e076c71afb0c','Mozilla/5.0 (Windows NT 6.1) AppleWebKit/537.36 (KHTML, like Gecko) Chrome/27.0.1453.110 Safari/537.36','server','save_problem_check','147.32.84.59','x_module',null,'2013-06-12T09:19:41.439185','Radim','0:00:00',null,null,'Medicine-HRP258',null,null,null,'i4x-Medicine-HRP258-problem-44c1ef4e92f648b08adbdcd61d64d558_7_1',null,null,null,null,null,null,null,null,null,null,null,null,null,null,null,null,null,null,null,null,null,null,null,'incorrect',null,null,null,null,null,null,null,null,null,null,null,null,null,null,null,null,null,'6fd01891_0b64_477e_9078_b979333edf5d','40d1c267_e838_48e9_bdaf_2405d1c80e71',null,'85eef9ea_6ed7_4544_bab1_526404e5589e'),
    (null,'01ab2383_0753_42c9_99eb_e076c71afb0c','Mozilla/5.0 (Windows NT 6.1) AppleWebKit/537.36 (KHTML, like Gecko) Chrome/27.0.1453.110 Safari/537.36','server','save_problem_check','147.32.84.59','x_module',null,'2013-06-12T09:19:41.439185','Radim','0:00:00',null,null,'Medicine-HRP258',null,null,null,'i4x-Medicine-HRP258-problem-44c1ef4e92f648b08adbdcd61d64d558_7_1',null,null,null,null,null,null,null,null,null,null,null,null,null,null,null,null,null,null,null,null,null,null,null,'incorrect',null,null,null,null,null,null,null,null,null,null,null,null,null,null,null,null,null,'6fd01891_0b64_477e_9078_b979333edf5d','40d1c267_e838_48e9_bdaf_2405d1c80e71',null,'85eef9ea_6ed7_4544_bab1_526404e5589e');
COMMIT;
SET foreign_key_checks=1;
SET unique_checks=1;
