CREATE DATABASE IF NOT EXISTS Edx;
CREATE DATABASE IF NOT EXISTS EdxPrivate;
USE test;
SET foreign_key_checks = 0;
DROP TABLE IF EXISTS EdxTrackEvent, Answer, InputState, CorrectMap, State, EdxPrivate.Account, LoadInfo;
SET foreign_key_checks = 1;
CREATE TABLE IF NOT EXISTS Answer (
    answer_id VARCHAR(40) NOT NULL PRIMARY KEY,
    problem_id TEXT NOT NULL,
    answer TEXT NOT NULL,
    course_id TEXT NOT NULL
    );
CREATE TABLE IF NOT EXISTS CorrectMap (
    correct_map_id VARCHAR(40) NOT NULL PRIMARY KEY,
    answer_identifier TEXT NOT NULL,
    correctness TINYTEXT NOT NULL,
    npoints INT NOT NULL,
    msg TEXT NOT NULL,
    hint TEXT NOT NULL,
    hintmode TINYTEXT NOT NULL,
    queuestate TEXT NOT NULL
    );
CREATE TABLE IF NOT EXISTS InputState (
    input_state_id VARCHAR(40) NOT NULL PRIMARY KEY,
    problem_id TEXT NOT NULL,
    state TEXT NOT NULL
    );
CREATE TABLE IF NOT EXISTS State (
    state_id VARCHAR(40) NOT NULL PRIMARY KEY,
    seed TINYINT NOT NULL,
    done TINYINT NOT NULL,
    problem_id TEXT NOT NULL,
    student_answer VARCHAR(40) NOT NULL,
    correct_map VARCHAR(40) NOT NULL,
    input_state VARCHAR(40) NOT NULL,
    FOREIGN KEY(student_answer) REFERENCES Answer(answer_id) ON DELETE CASCADE,
    FOREIGN KEY(correct_map) REFERENCES CorrectMap(correct_map_id) ON DELETE CASCADE,
    FOREIGN KEY(input_state) REFERENCES InputState(input_state_id) ON DELETE CASCADE
    );
CREATE TABLE IF NOT EXISTS EdxPrivate.Account (
    account_id VARCHAR(40) NOT NULL PRIMARY KEY,
    screen_name TEXT NOT NULL,
    name TEXT NOT NULL,
    anon_screen_name TEXT NOT NULL,
    mailing_address TEXT NOT NULL,
    zipcode TINYTEXT NOT NULL,
    country TINYTEXT NOT NULL,
    gender TINYTEXT NOT NULL,
    year_of_birth TINYINT NOT NULL,
    level_of_education TINYTEXT NOT NULL,
    goals TEXT NOT NULL,
    honor_code TINYINT NOT NULL,
    terms_of_service TINYINT NOT NULL,
    course_id TEXT NOT NULL,
    enrollment_action TINYTEXT NOT NULL,
    email TEXT NOT NULL,
    receive_emails TINYTEXT NOT NULL
    );
CREATE TABLE IF NOT EXISTS LoadInfo (
    load_info_id INT NOT NULL PRIMARY KEY,
    load_date_time DATETIME NOT NULL,
    load_file TEXT NOT NULL
    );
CREATE TABLE IF NOT EXISTS EdxTrackEvent (
    _id BIGINT NOT NULL PRIMARY KEY AUTO_INCREMENT,
    event_id VARCHAR(40) NOT NULL,
    agent TEXT NOT NULL,
    event_source TINYTEXT NOT NULL,
    event_type TEXT NOT NULL,
    ip TINYTEXT NOT NULL,
    page TEXT NOT NULL,
    session TEXT NOT NULL,
    time DATETIME NOT NULL,
    anon_screen_name TEXT NOT NULL,
    downtime_for DATETIME NOT NULL,
    student_id TEXT NOT NULL,
    instructor_id TEXT NOT NULL,
    course_id TEXT NOT NULL,
    sequence_id TEXT NOT NULL,
    goto_from INT NOT NULL,
    goto_dest INT NOT NULL,
    problem_id TEXT NOT NULL,
    problem_choice TEXT NOT NULL,
    question_location TEXT NOT NULL,
    submission_id TEXT NOT NULL,
    attempts TINYINT NOT NULL,
    long_answer TEXT NOT NULL,
    student_file TEXT NOT NULL,
    can_upload_file TINYTEXT NOT NULL,
    feedback TEXT NOT NULL,
    feedback_response_selected TINYINT NOT NULL,
    transcript_id TEXT NOT NULL,
    transcript_code TINYTEXT NOT NULL,
    rubric_selection INT NOT NULL,
    rubric_category INT NOT NULL,
    video_id TEXT NOT NULL,
    video_code TEXT NOT NULL,
    video_current_time TINYTEXT NOT NULL,
    video_speed TINYTEXT NOT NULL,
    video_old_time TINYTEXT NOT NULL,
    video_new_time TINYTEXT NOT NULL,
    video_seek_type TINYTEXT NOT NULL,
    video_new_speed TINYTEXT NOT NULL,
    video_old_speed TINYTEXT NOT NULL,
    book_interaction_type TINYTEXT NOT NULL,
    success TINYTEXT NOT NULL,
    answer_id TEXT NOT NULL,
    hint TEXT NOT NULL,
    hintmode TINYTEXT NOT NULL,
    correctness TINYTEXT NOT NULL,
    msg TEXT NOT NULL,
    npoints TINYINT NOT NULL,
    queuestate TEXT NOT NULL,
    orig_score INT NOT NULL,
    new_score INT NOT NULL,
    orig_total INT NOT NULL,
    new_total INT NOT NULL,
    event_name TINYTEXT NOT NULL,
    group_user TINYTEXT NOT NULL,
    group_action TINYTEXT NOT NULL,
    position INT NOT NULL,
    badly_formatted TEXT NOT NULL,
    correctMap_fk VARCHAR(40) NOT NULL,
    answer_fk VARCHAR(40) NOT NULL,
    state_fk VARCHAR(40) NOT NULL,
    load_info_fk INT NOT NULL,
    FOREIGN KEY(correctMap_fk) REFERENCES CorrectMap(correct_map_id) ON DELETE CASCADE,
    FOREIGN KEY(answer_fk) REFERENCES Answer(answer_id) ON DELETE CASCADE,
    FOREIGN KEY(state_fk) REFERENCES State(state_id) ON DELETE CASCADE,
    FOREIGN KEY(load_info_fk) REFERENCES LoadInfo(load_info_id) ON DELETE CASCADE
    );
SET foreign_key_checks=0;
SET unique_checks=0;
SET autocommit=0;
INSERT INTO LoadInfo (load_info_id,load_date_time,load_file) VALUES 
    ('65f70953_7e5b_4a52_afcc_07502b3f3722','2013110804531383915231','file:///home/paepcke/EclipseWorkspaces/json_to_relation/json_to_relation/test/data/saveProblemCheck.json');
INSERT INTO Answer (answer_id,problem_id,answer,course_id) VALUES 
    ('31518568_389b_4108_9487_4234c16bb4eb','i4x-Medicine-HRP258-problem-44c1ef4e92f648b08adbdcd61d64d558_16_1','66.3','Medicine-HRP258'),
    ('51923f67_9244_42b3_87a7_3f0103ecffc5','i4x-Medicine-HRP258-problem-44c1ef4e92f648b08adbdcd61d64d558_3_1','1.58','Medicine-HRP258'),
    ('8eee804c_630e_41a8_ab48_4e53d63e5c2d','i4x-Medicine-HRP258-problem-44c1ef4e92f648b08adbdcd61d64d558_12_1','Binary','Medicine-HRP258'),
    ('d3d211bf_d837_4aac_af47_187f47fc60ee','i4x-Medicine-HRP258-problem-44c1ef4e92f648b08adbdcd61d64d558_6_1','choice_2','Medicine-HRP258'),
    ('c2e13a9e_100a_42b9_bfbc_51c690284459','i4x-Medicine-HRP258-problem-44c1ef4e92f648b08adbdcd61d64d558_17_1','73.9','Medicine-HRP258'),
    ('0f50ae1a_06cd_48a5_aa8c_6cfd8afecfb1','i4x-Medicine-HRP258-problem-44c1ef4e92f648b08adbdcd61d64d558_2_1','13.4','Medicine-HRP258'),
    ('23c456f4_c5e4_400b_9b7a_0bae9e15a808','i4x-Medicine-HRP258-problem-44c1ef4e92f648b08adbdcd61d64d558_9_1','53','Medicine-HRP258'),
    ('6f26af20_78dc_43d9_91fe_ce1f4f591786','i4x-Medicine-HRP258-problem-44c1ef4e92f648b08adbdcd61d64d558_14_1','choice_3','Medicine-HRP258'),
    ('34cea8b2_0a81_4f77_b1ec_afded7bd7c86','i4x-Medicine-HRP258-problem-44c1ef4e92f648b08adbdcd61d64d558_13_1','choice_0','Medicine-HRP258'),
    ('0ad1da6c_e6c4_4e6c_a0dd_488031579b19','i4x-Medicine-HRP258-problem-44c1ef4e92f648b08adbdcd61d64d558_5_1','3','Medicine-HRP258'),
    ('133031e3_5187_4f93_8144_efa80e2598d6','i4x-Medicine-HRP258-problem-44c1ef4e92f648b08adbdcd61d64d558_10_1','1','Medicine-HRP258'),
    ('0a32be14_c2ff_4eea_b3a8_bee5efe45acc','i4x-Medicine-HRP258-problem-44c1ef4e92f648b08adbdcd61d64d558_19_1','choice_2','Medicine-HRP258'),
    ('19e9db20_5c2a_4195_a862_95c895ec2aa9','i4x-Medicine-HRP258-problem-44c1ef4e92f648b08adbdcd61d64d558_8_1','0.25','Medicine-HRP258'),
    ('c11c46e2_2f73_4bf1_add7_ba2a0a8ef2ce','i4x-Medicine-HRP258-problem-44c1ef4e92f648b08adbdcd61d64d558_15_1','81','Medicine-HRP258'),
    ('ffcaba5a_b1b7_47fd_87f9_8969d27cdfa5','i4x-Medicine-HRP258-problem-44c1ef4e92f648b08adbdcd61d64d558_4_1','14','Medicine-HRP258'),
    ('bcde2ee6_880b_442a_b171_1d5f148011ee','i4x-Medicine-HRP258-problem-44c1ef4e92f648b08adbdcd61d64d558_11_1','Nominal','Medicine-HRP258'),
    ('33b23606_578a_46ce_baa8_b4bab36bce0e','i4x-Medicine-HRP258-problem-44c1ef4e92f648b08adbdcd61d64d558_18_1','20','Medicine-HRP258'),
    ('dbb604cc_0b9e_42c7_8957_1c51e2c89ea0','i4x-Medicine-HRP258-problem-44c1ef4e92f648b08adbdcd61d64d558_7_1','0.47','Medicine-HRP258'),
    ('767c040e_6a1f_4fd1_bca2_b301292640a3','i4x-Medicine-HRP258-problem-44c1ef4e92f648b08adbdcd61d64d558_16_1','66.3','Medicine-HRP258'),
    ('5712c85f_c3e3_41ed_9b3e_3812b042558a','i4x-Medicine-HRP258-problem-44c1ef4e92f648b08adbdcd61d64d558_3_1','1.58','Medicine-HRP258'),
    ('16998beb_6820_407c_9a98_f16bb1d39e34','i4x-Medicine-HRP258-problem-44c1ef4e92f648b08adbdcd61d64d558_12_1','Binary','Medicine-HRP258'),
    ('05c667fc_e05b_4936_a05b_4f30a841322f','i4x-Medicine-HRP258-problem-44c1ef4e92f648b08adbdcd61d64d558_6_1','choice_2','Medicine-HRP258'),
    ('9f9e67b8_2916_4315_953e_af7a1ba644c0','i4x-Medicine-HRP258-problem-44c1ef4e92f648b08adbdcd61d64d558_17_1','73.9','Medicine-HRP258'),
    ('a6c7dc40_aeec_43ff_ae68_8b1a046295fe','i4x-Medicine-HRP258-problem-44c1ef4e92f648b08adbdcd61d64d558_2_1','13.4','Medicine-HRP258'),
    ('5e78281b_ec87_4be2_bf14_aeee9cf8d15c','i4x-Medicine-HRP258-problem-44c1ef4e92f648b08adbdcd61d64d558_9_1','53','Medicine-HRP258'),
    ('9a958776_7e63_4a77_82f4_2b704fa7c128','i4x-Medicine-HRP258-problem-44c1ef4e92f648b08adbdcd61d64d558_14_1','choice_3','Medicine-HRP258'),
    ('a945a191_2479_4678_8501_a6f0a9780eb4','i4x-Medicine-HRP258-problem-44c1ef4e92f648b08adbdcd61d64d558_13_1','choice_0','Medicine-HRP258'),
    ('220d27c3_791c_4368_96ac_61957bb0f7ff','i4x-Medicine-HRP258-problem-44c1ef4e92f648b08adbdcd61d64d558_5_1','3','Medicine-HRP258'),
    ('e022f5a3_fc8a_4556_b531_d6ea19267f18','i4x-Medicine-HRP258-problem-44c1ef4e92f648b08adbdcd61d64d558_10_1','1','Medicine-HRP258'),
    ('da91d982_8dec_4805_8626_ed9a297a5f34','i4x-Medicine-HRP258-problem-44c1ef4e92f648b08adbdcd61d64d558_19_1','choice_2','Medicine-HRP258'),
    ('995f7256_90d9_472f_99bc_80947aefd43d','i4x-Medicine-HRP258-problem-44c1ef4e92f648b08adbdcd61d64d558_8_1','0.25','Medicine-HRP258'),
    ('0a350654_c970_422e_9db7_13a18570d719','i4x-Medicine-HRP258-problem-44c1ef4e92f648b08adbdcd61d64d558_15_1','81','Medicine-HRP258'),
    ('6763e61f_1dbf_4464_ab35_bb1def49cdf5','i4x-Medicine-HRP258-problem-44c1ef4e92f648b08adbdcd61d64d558_4_1','14','Medicine-HRP258'),
    ('1f6ffe4d_32ed_4784_b775_198e7237310e','i4x-Medicine-HRP258-problem-44c1ef4e92f648b08adbdcd61d64d558_11_1','Nominal','Medicine-HRP258'),
    ('c3c3f5b4_65a2_4f93_abe9_b614de8ff268','i4x-Medicine-HRP258-problem-44c1ef4e92f648b08adbdcd61d64d558_18_1','20','Medicine-HRP258'),
    ('db122494_d9d0_477e_a331_07845412785f','i4x-Medicine-HRP258-problem-44c1ef4e92f648b08adbdcd61d64d558_7_1','0.47','Medicine-HRP258');
INSERT INTO InputState (input_state_id,problem_id,state) VALUES 
    ('fa5d6e64_32a3_4155_928c_54ebdd8275e8','i4x-Medicine-HRP258-problem-44c1ef4e92f648b08adbdcd61d64d558_16_1',''),
    ('9cebb3da_ce18_4df7_b4da_705e1383750d','i4x-Medicine-HRP258-problem-44c1ef4e92f648b08adbdcd61d64d558_3_1',''),
    ('d06fe938_5f89_48fd_9b73_56dc58813d02','i4x-Medicine-HRP258-problem-44c1ef4e92f648b08adbdcd61d64d558_12_1',''),
    ('d7db0963_0549_4212_923b_ed3a452e3ae9','i4x-Medicine-HRP258-problem-44c1ef4e92f648b08adbdcd61d64d558_6_1',''),
    ('acc6dbc5_a3b1_49a0_b3de_eee1a23a388c','i4x-Medicine-HRP258-problem-44c1ef4e92f648b08adbdcd61d64d558_17_1',''),
    ('b2f1695e_2bc3_4e02_a445_ae5720a0b7ed','i4x-Medicine-HRP258-problem-44c1ef4e92f648b08adbdcd61d64d558_2_1',''),
    ('080b4e81_dd1f_4279_a703_6368561fa6c5','i4x-Medicine-HRP258-problem-44c1ef4e92f648b08adbdcd61d64d558_9_1',''),
    ('b7655d7a_4c0c_45d8_ab11_84da7bce3e15','i4x-Medicine-HRP258-problem-44c1ef4e92f648b08adbdcd61d64d558_14_1',''),
    ('2331428b_f503_48e8_b14a_ed61e44ea603','i4x-Medicine-HRP258-problem-44c1ef4e92f648b08adbdcd61d64d558_13_1',''),
    ('1b939947_b747_473c_9000_409ffc39a1b3','i4x-Medicine-HRP258-problem-44c1ef4e92f648b08adbdcd61d64d558_5_1',''),
    ('b71a1c11_87a3_4fcd_bb02_2a35827f532a','i4x-Medicine-HRP258-problem-44c1ef4e92f648b08adbdcd61d64d558_10_1',''),
    ('db519873_09b2_4e6c_a030_f3d4fa328a6f','i4x-Medicine-HRP258-problem-44c1ef4e92f648b08adbdcd61d64d558_19_1',''),
    ('6b993671_23c1_4814_898f_7e44f634e2fb','i4x-Medicine-HRP258-problem-44c1ef4e92f648b08adbdcd61d64d558_8_1',''),
    ('0089fc1a_1873_44a9_a76d_db40ed571103','i4x-Medicine-HRP258-problem-44c1ef4e92f648b08adbdcd61d64d558_15_1',''),
    ('a5d0171a_b66e_443c_b1b1_31005a277473','i4x-Medicine-HRP258-problem-44c1ef4e92f648b08adbdcd61d64d558_4_1',''),
    ('f999d4c8_bd8a_469f_a0a6_faa19eaae69b','i4x-Medicine-HRP258-problem-44c1ef4e92f648b08adbdcd61d64d558_11_1',''),
    ('7d7cd86c_8854_4fb7_a0b8_34d212b099d8','i4x-Medicine-HRP258-problem-44c1ef4e92f648b08adbdcd61d64d558_18_1',''),
    ('16993ec7_43df_47b9_81f7_b11b1d1800a5','i4x-Medicine-HRP258-problem-44c1ef4e92f648b08adbdcd61d64d558_7_1','');
INSERT INTO State (state_id,seed,done,problem_id,student_answer,correct_map,input_state) VALUES 
    ('204de3e1_333b_4bfc_aecd_b76cd45b2065',1,null,'','767c040e_6a1f_4fd1_bca2_b301292640a3','','fa5d6e64_32a3_4155_928c_54ebdd8275e8'),
    ('550ddf2a_db8d_47d4_9ad0_61bba71d66b7',1,null,'','5712c85f_c3e3_41ed_9b3e_3812b042558a','','9cebb3da_ce18_4df7_b4da_705e1383750d'),
    ('3064dd42_5d8f_4046_8767_69ddcb307935',1,null,'','16998beb_6820_407c_9a98_f16bb1d39e34','','d06fe938_5f89_48fd_9b73_56dc58813d02'),
    ('d403e7bf_7c3e_4e62_be51_75a81614cf72',1,null,'','05c667fc_e05b_4936_a05b_4f30a841322f','','d7db0963_0549_4212_923b_ed3a452e3ae9'),
    ('ae2d287f_57b9_4701_916b_6fa0634929cc',1,null,'','9f9e67b8_2916_4315_953e_af7a1ba644c0','','acc6dbc5_a3b1_49a0_b3de_eee1a23a388c'),
    ('d80edad5_9482_4163_9570_104d171c9579',1,null,'','a6c7dc40_aeec_43ff_ae68_8b1a046295fe','','b2f1695e_2bc3_4e02_a445_ae5720a0b7ed'),
    ('46ecb62d_27f2_4142_9c1b_fee8feeaa1e6',1,null,'','5e78281b_ec87_4be2_bf14_aeee9cf8d15c','','080b4e81_dd1f_4279_a703_6368561fa6c5'),
    ('9ee09629_0d64_4ced_9a22_b282d43c19a1',1,null,'','9a958776_7e63_4a77_82f4_2b704fa7c128','','b7655d7a_4c0c_45d8_ab11_84da7bce3e15'),
    ('b771d11c_fb40_479b_82ed_17578aa63210',1,null,'','a945a191_2479_4678_8501_a6f0a9780eb4','','2331428b_f503_48e8_b14a_ed61e44ea603'),
    ('867a2757_ab91_4c9d_aec7_eb43e77eda22',1,null,'','220d27c3_791c_4368_96ac_61957bb0f7ff','','1b939947_b747_473c_9000_409ffc39a1b3'),
    ('b20869dc_a75d_4ce4_a4d7_d4655a6d7ae5',1,null,'','e022f5a3_fc8a_4556_b531_d6ea19267f18','','b71a1c11_87a3_4fcd_bb02_2a35827f532a'),
    ('cf83076b_e735_4ce3_afa5_df483f01f5d6',1,null,'','da91d982_8dec_4805_8626_ed9a297a5f34','','db519873_09b2_4e6c_a030_f3d4fa328a6f'),
    ('c82ed4ee_968d_45f8_b9de_169ee2650ba3',1,null,'','995f7256_90d9_472f_99bc_80947aefd43d','','6b993671_23c1_4814_898f_7e44f634e2fb'),
    ('fcffc3cd_e7d8_4309_a89b_e35ef5b0d285',1,null,'','0a350654_c970_422e_9db7_13a18570d719','','0089fc1a_1873_44a9_a76d_db40ed571103'),
    ('b5d567fd_9af8_4a91_9ed4_dba944d3958e',1,null,'','6763e61f_1dbf_4464_ab35_bb1def49cdf5','','a5d0171a_b66e_443c_b1b1_31005a277473'),
    ('7d9fbf5e_e1ca_494c_a7ff_6e71e068a33e',1,null,'','1f6ffe4d_32ed_4784_b775_198e7237310e','','f999d4c8_bd8a_469f_a0a6_faa19eaae69b'),
    ('ff51621a_2fd7_4fd9_9307_3fe6dd878938',1,null,'','c3c3f5b4_65a2_4f93_abe9_b614de8ff268','','7d7cd86c_8854_4fb7_a0b8_34d212b099d8'),
    ('e493c0eb_2f83_48fc_9c40_c0ac5aaad029',1,null,'','db122494_d9d0_477e_a331_07845412785f','','16993ec7_43df_47b9_81f7_b11b1d1800a5');
INSERT INTO EdxTrackEvent (_id,event_id,agent,event_source,event_type,ip,page,session,time,anon_screen_name,downtime_for,student_id,instructor_id,course_id,sequence_id,goto_from,goto_dest,problem_id,problem_choice,question_location,submission_id,attempts,long_answer,student_file,can_upload_file,feedback,feedback_response_selected,transcript_id,transcript_code,rubric_selection,rubric_category,video_id,video_code,video_current_time,video_speed,video_old_time,video_new_time,video_seek_type,video_new_speed,video_old_speed,book_interaction_type,success,answer_id,hint,hintmode,correctness,msg,npoints,queuestate,orig_score,new_score,orig_total,new_total,event_name,group_user,group_action,position,badly_formatted,correctMap_fk,answer_fk,state_fk,load_info_fk) VALUES 
    (0,'2f4104ad_8338_4253_a30f_fe5e0bc5d76a','Mozilla/5.0 (Windows NT 6.1) AppleWebKit/537.36 (KHTML, like Gecko) Chrome/27.0.1453.110 Safari/537.36','server','save_problem_check','147.32.84.59','x_module','','2013-06-12T09:19:41.439185','','0:00:00','','','Medicine-HRP258','',-1,-1,'i4x-Medicine-HRP258-problem-44c1ef4e92f648b08adbdcd61d64d558_16_1','','','',-1,'','','','',-1,'','',-1,-1,'','','','','','','','','','','incorrect','','','','','',-1,'',-1,-1,-1,-1,'','','',-1,'','','31518568_389b_4108_9487_4234c16bb4eb','204de3e1_333b_4bfc_aecd_b76cd45b2065','65f70953_7e5b_4a52_afcc_07502b3f3722'),
    (0,'2f4104ad_8338_4253_a30f_fe5e0bc5d76a','Mozilla/5.0 (Windows NT 6.1) AppleWebKit/537.36 (KHTML, like Gecko) Chrome/27.0.1453.110 Safari/537.36','server','save_problem_check','147.32.84.59','x_module','','2013-06-12T09:19:41.439185','','0:00:00','','','Medicine-HRP258','',-1,-1,'i4x-Medicine-HRP258-problem-44c1ef4e92f648b08adbdcd61d64d558_3_1','','','',-1,'','','','',-1,'','',-1,-1,'','','','','','','','','','','incorrect','','','','','',-1,'',-1,-1,-1,-1,'','','',-1,'','','51923f67_9244_42b3_87a7_3f0103ecffc5','550ddf2a_db8d_47d4_9ad0_61bba71d66b7','65f70953_7e5b_4a52_afcc_07502b3f3722'),
    (0,'2f4104ad_8338_4253_a30f_fe5e0bc5d76a','Mozilla/5.0 (Windows NT 6.1) AppleWebKit/537.36 (KHTML, like Gecko) Chrome/27.0.1453.110 Safari/537.36','server','save_problem_check','147.32.84.59','x_module','','2013-06-12T09:19:41.439185','','0:00:00','','','Medicine-HRP258','',-1,-1,'i4x-Medicine-HRP258-problem-44c1ef4e92f648b08adbdcd61d64d558_12_1','','','',-1,'','','','',-1,'','',-1,-1,'','','','','','','','','','','incorrect','','','','','',-1,'',-1,-1,-1,-1,'','','',-1,'','','8eee804c_630e_41a8_ab48_4e53d63e5c2d','3064dd42_5d8f_4046_8767_69ddcb307935','65f70953_7e5b_4a52_afcc_07502b3f3722'),
    (0,'2f4104ad_8338_4253_a30f_fe5e0bc5d76a','Mozilla/5.0 (Windows NT 6.1) AppleWebKit/537.36 (KHTML, like Gecko) Chrome/27.0.1453.110 Safari/537.36','server','save_problem_check','147.32.84.59','x_module','','2013-06-12T09:19:41.439185','','0:00:00','','','Medicine-HRP258','',-1,-1,'i4x-Medicine-HRP258-problem-44c1ef4e92f648b08adbdcd61d64d558_6_1','','','',-1,'','','','',-1,'','',-1,-1,'','','','','','','','','','','incorrect','','','','','',-1,'',-1,-1,-1,-1,'','','',-1,'','','d3d211bf_d837_4aac_af47_187f47fc60ee','d403e7bf_7c3e_4e62_be51_75a81614cf72','65f70953_7e5b_4a52_afcc_07502b3f3722'),
    (0,'2f4104ad_8338_4253_a30f_fe5e0bc5d76a','Mozilla/5.0 (Windows NT 6.1) AppleWebKit/537.36 (KHTML, like Gecko) Chrome/27.0.1453.110 Safari/537.36','server','save_problem_check','147.32.84.59','x_module','','2013-06-12T09:19:41.439185','','0:00:00','','','Medicine-HRP258','',-1,-1,'i4x-Medicine-HRP258-problem-44c1ef4e92f648b08adbdcd61d64d558_17_1','','','',-1,'','','','',-1,'','',-1,-1,'','','','','','','','','','','incorrect','','','','','',-1,'',-1,-1,-1,-1,'','','',-1,'','','c2e13a9e_100a_42b9_bfbc_51c690284459','ae2d287f_57b9_4701_916b_6fa0634929cc','65f70953_7e5b_4a52_afcc_07502b3f3722'),
    (0,'2f4104ad_8338_4253_a30f_fe5e0bc5d76a','Mozilla/5.0 (Windows NT 6.1) AppleWebKit/537.36 (KHTML, like Gecko) Chrome/27.0.1453.110 Safari/537.36','server','save_problem_check','147.32.84.59','x_module','','2013-06-12T09:19:41.439185','','0:00:00','','','Medicine-HRP258','',-1,-1,'i4x-Medicine-HRP258-problem-44c1ef4e92f648b08adbdcd61d64d558_2_1','','','',-1,'','','','',-1,'','',-1,-1,'','','','','','','','','','','incorrect','','','','','',-1,'',-1,-1,-1,-1,'','','',-1,'','','0f50ae1a_06cd_48a5_aa8c_6cfd8afecfb1','d80edad5_9482_4163_9570_104d171c9579','65f70953_7e5b_4a52_afcc_07502b3f3722'),
    (0,'2f4104ad_8338_4253_a30f_fe5e0bc5d76a','Mozilla/5.0 (Windows NT 6.1) AppleWebKit/537.36 (KHTML, like Gecko) Chrome/27.0.1453.110 Safari/537.36','server','save_problem_check','147.32.84.59','x_module','','2013-06-12T09:19:41.439185','','0:00:00','','','Medicine-HRP258','',-1,-1,'i4x-Medicine-HRP258-problem-44c1ef4e92f648b08adbdcd61d64d558_9_1','','','',-1,'','','','',-1,'','',-1,-1,'','','','','','','','','','','incorrect','','','','','',-1,'',-1,-1,-1,-1,'','','',-1,'','','23c456f4_c5e4_400b_9b7a_0bae9e15a808','46ecb62d_27f2_4142_9c1b_fee8feeaa1e6','65f70953_7e5b_4a52_afcc_07502b3f3722'),
    (0,'2f4104ad_8338_4253_a30f_fe5e0bc5d76a','Mozilla/5.0 (Windows NT 6.1) AppleWebKit/537.36 (KHTML, like Gecko) Chrome/27.0.1453.110 Safari/537.36','server','save_problem_check','147.32.84.59','x_module','','2013-06-12T09:19:41.439185','','0:00:00','','','Medicine-HRP258','',-1,-1,'i4x-Medicine-HRP258-problem-44c1ef4e92f648b08adbdcd61d64d558_14_1','','','',-1,'','','','',-1,'','',-1,-1,'','','','','','','','','','','incorrect','','','','','',-1,'',-1,-1,-1,-1,'','','',-1,'','','6f26af20_78dc_43d9_91fe_ce1f4f591786','9ee09629_0d64_4ced_9a22_b282d43c19a1','65f70953_7e5b_4a52_afcc_07502b3f3722'),
    (0,'2f4104ad_8338_4253_a30f_fe5e0bc5d76a','Mozilla/5.0 (Windows NT 6.1) AppleWebKit/537.36 (KHTML, like Gecko) Chrome/27.0.1453.110 Safari/537.36','server','save_problem_check','147.32.84.59','x_module','','2013-06-12T09:19:41.439185','','0:00:00','','','Medicine-HRP258','',-1,-1,'i4x-Medicine-HRP258-problem-44c1ef4e92f648b08adbdcd61d64d558_13_1','','','',-1,'','','','',-1,'','',-1,-1,'','','','','','','','','','','incorrect','','','','','',-1,'',-1,-1,-1,-1,'','','',-1,'','','34cea8b2_0a81_4f77_b1ec_afded7bd7c86','b771d11c_fb40_479b_82ed_17578aa63210','65f70953_7e5b_4a52_afcc_07502b3f3722'),
    (0,'2f4104ad_8338_4253_a30f_fe5e0bc5d76a','Mozilla/5.0 (Windows NT 6.1) AppleWebKit/537.36 (KHTML, like Gecko) Chrome/27.0.1453.110 Safari/537.36','server','save_problem_check','147.32.84.59','x_module','','2013-06-12T09:19:41.439185','','0:00:00','','','Medicine-HRP258','',-1,-1,'i4x-Medicine-HRP258-problem-44c1ef4e92f648b08adbdcd61d64d558_5_1','','','',-1,'','','','',-1,'','',-1,-1,'','','','','','','','','','','incorrect','','','','','',-1,'',-1,-1,-1,-1,'','','',-1,'','','0ad1da6c_e6c4_4e6c_a0dd_488031579b19','867a2757_ab91_4c9d_aec7_eb43e77eda22','65f70953_7e5b_4a52_afcc_07502b3f3722'),
    (0,'2f4104ad_8338_4253_a30f_fe5e0bc5d76a','Mozilla/5.0 (Windows NT 6.1) AppleWebKit/537.36 (KHTML, like Gecko) Chrome/27.0.1453.110 Safari/537.36','server','save_problem_check','147.32.84.59','x_module','','2013-06-12T09:19:41.439185','','0:00:00','','','Medicine-HRP258','',-1,-1,'i4x-Medicine-HRP258-problem-44c1ef4e92f648b08adbdcd61d64d558_10_1','','','',-1,'','','','',-1,'','',-1,-1,'','','','','','','','','','','incorrect','','','','','',-1,'',-1,-1,-1,-1,'','','',-1,'','','133031e3_5187_4f93_8144_efa80e2598d6','b20869dc_a75d_4ce4_a4d7_d4655a6d7ae5','65f70953_7e5b_4a52_afcc_07502b3f3722'),
    (0,'2f4104ad_8338_4253_a30f_fe5e0bc5d76a','Mozilla/5.0 (Windows NT 6.1) AppleWebKit/537.36 (KHTML, like Gecko) Chrome/27.0.1453.110 Safari/537.36','server','save_problem_check','147.32.84.59','x_module','','2013-06-12T09:19:41.439185','','0:00:00','','','Medicine-HRP258','',-1,-1,'i4x-Medicine-HRP258-problem-44c1ef4e92f648b08adbdcd61d64d558_19_1','','','',-1,'','','','',-1,'','',-1,-1,'','','','','','','','','','','incorrect','','','','','',-1,'',-1,-1,-1,-1,'','','',-1,'','','0a32be14_c2ff_4eea_b3a8_bee5efe45acc','cf83076b_e735_4ce3_afa5_df483f01f5d6','65f70953_7e5b_4a52_afcc_07502b3f3722'),
    (0,'2f4104ad_8338_4253_a30f_fe5e0bc5d76a','Mozilla/5.0 (Windows NT 6.1) AppleWebKit/537.36 (KHTML, like Gecko) Chrome/27.0.1453.110 Safari/537.36','server','save_problem_check','147.32.84.59','x_module','','2013-06-12T09:19:41.439185','','0:00:00','','','Medicine-HRP258','',-1,-1,'i4x-Medicine-HRP258-problem-44c1ef4e92f648b08adbdcd61d64d558_8_1','','','',-1,'','','','',-1,'','',-1,-1,'','','','','','','','','','','incorrect','','','','','',-1,'',-1,-1,-1,-1,'','','',-1,'','','19e9db20_5c2a_4195_a862_95c895ec2aa9','c82ed4ee_968d_45f8_b9de_169ee2650ba3','65f70953_7e5b_4a52_afcc_07502b3f3722'),
    (0,'2f4104ad_8338_4253_a30f_fe5e0bc5d76a','Mozilla/5.0 (Windows NT 6.1) AppleWebKit/537.36 (KHTML, like Gecko) Chrome/27.0.1453.110 Safari/537.36','server','save_problem_check','147.32.84.59','x_module','','2013-06-12T09:19:41.439185','','0:00:00','','','Medicine-HRP258','',-1,-1,'i4x-Medicine-HRP258-problem-44c1ef4e92f648b08adbdcd61d64d558_15_1','','','',-1,'','','','',-1,'','',-1,-1,'','','','','','','','','','','incorrect','','','','','',-1,'',-1,-1,-1,-1,'','','',-1,'','','c11c46e2_2f73_4bf1_add7_ba2a0a8ef2ce','fcffc3cd_e7d8_4309_a89b_e35ef5b0d285','65f70953_7e5b_4a52_afcc_07502b3f3722'),
    (0,'2f4104ad_8338_4253_a30f_fe5e0bc5d76a','Mozilla/5.0 (Windows NT 6.1) AppleWebKit/537.36 (KHTML, like Gecko) Chrome/27.0.1453.110 Safari/537.36','server','save_problem_check','147.32.84.59','x_module','','2013-06-12T09:19:41.439185','','0:00:00','','','Medicine-HRP258','',-1,-1,'i4x-Medicine-HRP258-problem-44c1ef4e92f648b08adbdcd61d64d558_4_1','','','',-1,'','','','',-1,'','',-1,-1,'','','','','','','','','','','incorrect','','','','','',-1,'',-1,-1,-1,-1,'','','',-1,'','','ffcaba5a_b1b7_47fd_87f9_8969d27cdfa5','b5d567fd_9af8_4a91_9ed4_dba944d3958e','65f70953_7e5b_4a52_afcc_07502b3f3722'),
    (0,'2f4104ad_8338_4253_a30f_fe5e0bc5d76a','Mozilla/5.0 (Windows NT 6.1) AppleWebKit/537.36 (KHTML, like Gecko) Chrome/27.0.1453.110 Safari/537.36','server','save_problem_check','147.32.84.59','x_module','','2013-06-12T09:19:41.439185','','0:00:00','','','Medicine-HRP258','',-1,-1,'i4x-Medicine-HRP258-problem-44c1ef4e92f648b08adbdcd61d64d558_11_1','','','',-1,'','','','',-1,'','',-1,-1,'','','','','','','','','','','incorrect','','','','','',-1,'',-1,-1,-1,-1,'','','',-1,'','','bcde2ee6_880b_442a_b171_1d5f148011ee','7d9fbf5e_e1ca_494c_a7ff_6e71e068a33e','65f70953_7e5b_4a52_afcc_07502b3f3722'),
    (0,'2f4104ad_8338_4253_a30f_fe5e0bc5d76a','Mozilla/5.0 (Windows NT 6.1) AppleWebKit/537.36 (KHTML, like Gecko) Chrome/27.0.1453.110 Safari/537.36','server','save_problem_check','147.32.84.59','x_module','','2013-06-12T09:19:41.439185','','0:00:00','','','Medicine-HRP258','',-1,-1,'i4x-Medicine-HRP258-problem-44c1ef4e92f648b08adbdcd61d64d558_18_1','','','',-1,'','','','',-1,'','',-1,-1,'','','','','','','','','','','incorrect','','','','','',-1,'',-1,-1,-1,-1,'','','',-1,'','','33b23606_578a_46ce_baa8_b4bab36bce0e','ff51621a_2fd7_4fd9_9307_3fe6dd878938','65f70953_7e5b_4a52_afcc_07502b3f3722'),
    (0,'2f4104ad_8338_4253_a30f_fe5e0bc5d76a','Mozilla/5.0 (Windows NT 6.1) AppleWebKit/537.36 (KHTML, like Gecko) Chrome/27.0.1453.110 Safari/537.36','server','save_problem_check','147.32.84.59','x_module','','2013-06-12T09:19:41.439185','','0:00:00','','','Medicine-HRP258','',-1,-1,'i4x-Medicine-HRP258-problem-44c1ef4e92f648b08adbdcd61d64d558_7_1','','','',-1,'','','','',-1,'','',-1,-1,'','','','','','','','','','','incorrect','','','','','',-1,'',-1,-1,-1,-1,'','','',-1,'','','dbb604cc_0b9e_42c7_8957_1c51e2c89ea0','e493c0eb_2f83_48fc_9c40_c0ac5aaad029','65f70953_7e5b_4a52_afcc_07502b3f3722'),
    (0,'2f4104ad_8338_4253_a30f_fe5e0bc5d76a','Mozilla/5.0 (Windows NT 6.1) AppleWebKit/537.36 (KHTML, like Gecko) Chrome/27.0.1453.110 Safari/537.36','server','save_problem_check','147.32.84.59','x_module','','2013-06-12T09:19:41.439185','','0:00:00','','','Medicine-HRP258','',-1,-1,'i4x-Medicine-HRP258-problem-44c1ef4e92f648b08adbdcd61d64d558_7_1','','','',-1,'','','','',-1,'','',-1,-1,'','','','','','','','','','','incorrect','','','','','',-1,'',-1,-1,-1,-1,'','','',-1,'','','dbb604cc_0b9e_42c7_8957_1c51e2c89ea0','e493c0eb_2f83_48fc_9c40_c0ac5aaad029','65f70953_7e5b_4a52_afcc_07502b3f3722');
COMMIT;
SET foreign_key_checks=1;
SET unique_checks=1;
